crash_id,state,county_fips,crash_date,crash_severity,vehicle_damage,injury_count,fatality_count,driver_behavior,road_condition,weather_condition,precipitation,visibility,temperature,wind_speed,median_income,unemployment_rate,population_density,educational_attainment,fraud_indicator,suspicious_claim_score,crash_weather_risk,socioeconomic_risk,geographic_risk,claim_fraud_flag,fraud_probability,high_risk_claim_flag
100001,NY,9788,2024-01-01,1,21000,2,0,Normal,Ice,Snow,4.13,3.7,4.6,23.8,62675,10.7,3563,74.6,0,18.6,0.56,9.23,7.61,0,0.062,0
100002,IL,1729,2024-01-02,4,6946,3,0,Impaired,Dry,Snow,0.05,1.2,54.8,39.8,107267,10.91,545,24.5,0,22.4,6.73,8.84,9.28,0,0.959,1
100003,FL,2366,2024-01-03,5,16835,3,0,Impaired,Snow,Fog,17.97,4.7,75.8,17.4,75563,6.49,5872,71.2,0,49.4,8.43,4.52,4.58,0,0.142,0
100004,IL,5493,2024-01-04,1,21063,1,0,Normal,Ice,Clear,18.31,3.0,27.8,36.8,46332,6.59,2122,12.1,0,96.2,3.99,8.57,6.59,0,0.305,0
100005,IL,1699,2024-01-05,1,16633,0,0,Normal,Snow,Fog,12.87,3.8,33.9,13.8,54177,2.77,7845,16.4,0,77.0,5.22,0.48,9.14,0,0.823,1
100006,CA,8187,2024-01-06,5,2182,1,0,Normal,Snow,Snow,4.03,8.4,67.5,2.2,103447,8.71,8579,69.8,0,48.8,4.02,1.49,0.9,0,0.219,0
100007,FL,1396,2024-01-07,3,6126,2,0,Impaired,Dry,Clear,2.09,9.4,98.8,8.2,92104,10.21,3999,54.1,0,33.8,3.0,4.14,7.7,0,0.243,0
100008,FL,8401,2024-01-08,2,7924,3,0,Speeding,Ice,Clear,0.48,2.3,89.1,16.7,119335,4.45,6083,62.3,1,54.9,8.03,4.83,6.17,1,0.642,0
100009,FL,9083,2024-01-09,4,13357,1,0,Distracted,Snow,Fog,4.14,4.0,64.1,8.8,115730,6.21,8378,24.7,0,74.8,2.72,2.64,5.99,0,0.276,0
100010,IL,5172,2024-01-10,2,12655,0,0,Distracted,Ice,Rain,22.27,9.3,80.3,0.0,39951,10.39,2605,47.6,1,78.4,7.23,3.56,2.93,1,0.217,0
100011,NY,5361,2024-01-11,5,17817,1,0,Impaired,Dry,Fog,6.04,1.1,40.1,36.6,63333,10.77,6420,61.6,0,32.5,2.06,1.63,6.84,0,0.254,0
100012,FL,3503,2024-01-12,1,20482,4,0,Distracted,Snow,Snow,8.86,1.4,70.5,33.8,56673,4.43,4465,53.9,0,72.1,2.5,4.89,7.95,0,0.491,0
100013,IL,1718,2024-01-13,1,11925,0,0,Normal,Dry,Snow,2.63,2.0,51.3,29.7,75870,7.51,6009,43.0,0,65.8,3.36,7.94,1.13,0,0.966,1
100014,CA,3783,2024-01-14,4,2480,2,0,Speeding,Ice,Snow,5.56,6.2,20.9,6.7,106101,3.92,9157,77.2,1,95.9,5.89,6.61,5.34,1,0.832,1
100015,NY,5947,2024-01-15,1,16022,3,0,Distracted,Ice,Snow,12.98,1.9,77.2,4.8,57821,3.02,6043,57.3,0,93.1,4.54,1.08,1.01,0,0.285,0
100016,CA,6487,2024-01-16,1,19940,1,0,Speeding,Dry,Snow,15.19,9.7,61.2,2.7,60494,11.11,5071,73.5,0,78.9,7.45,4.88,8.73,0,0.363,0
100017,NY,9336,2024-01-17,4,9484,0,0,Normal,Wet,Rain,6.13,4.7,39.4,29.0,109160,10.21,2957,61.1,0,72.3,2.14,6.98,5.08,0,0.465,0
100018,IL,5981,2024-01-18,4,17675,4,0,Distracted,Snow,Clear,1.44,5.3,100.2,37.2,35835,9.6,2964,61.5,0,27.4,0.11,5.3,8.08,0,0.979,1
100019,TX,8267,2024-01-19,5,16383,0,0,Impaired,Ice,Fog,9.78,2.8,2.3,17.2,53646,2.49,3920,15.6,0,84.6,7.77,3.92,3.68,0,0.172,0
100020,NY,5492,2024-01-20,1,5890,4,0,Speeding,Ice,Fog,5.86,5.0,34.7,4.8,112360,10.44,9240,35.2,0,42.8,8.22,6.22,1.25,0,0.357,0
100021,CA,8193,2024-01-21,1,23519,2,0,Normal,Snow,Snow,5.49,6.8,6.3,20.5,72335,6.38,5135,70.1,0,27.2,0.59,9.69,0.41,0,0.729,1
100022,IL,6589,2024-01-22,5,19139,3,0,Speeding,Dry,Fog,24.0,7.6,84.3,14.0,104351,5.42,6596,26.3,1,38.4,6.11,0.95,2.82,1,0.964,1
100023,NY,8652,2024-01-23,3,20494,2,0,Distracted,Dry,Snow,15.41,7.7,77.2,15.0,37429,7.46,445,18.1,0,83.6,3.78,3.9,2.44,0,0.156,0
100024,TX,4637,2024-01-24,3,2107,1,0,Distracted,Dry,Rain,13.92,6.0,36.4,24.9,76950,2.91,988,32.8,0,14.9,7.94,4.07,5.6,0,0.227,0
100025,TX,2168,2024-01-25,3,22063,0,0,Impaired,Wet,Rain,10.39,9.1,74.3,28.7,95654,9.57,9878,25.4,0,45.6,8.74,5.77,0.22,0,0.226,0
100026,FL,2063,2024-01-26,5,7073,4,0,Normal,Wet,Clear,10.72,8.3,43.6,4.4,103143,7.82,2560,74.8,1,49.2,8.51,1.52,5.21,1,0.021,0
100027,FL,3157,2024-01-27,1,17868,4,0,Normal,Ice,Rain,13.52,7.7,83.2,1.4,112527,3.87,4686,70.8,1,3.7,7.77,1.77,3.92,1,0.604,0
100028,CA,8861,2024-01-28,5,6276,0,0,Impaired,Dry,Rain,17.41,1.0,50.0,39.8,66099,3.88,1699,45.0,1,19.6,2.69,2.85,5.77,1,0.671,0
100029,NY,6162,2024-01-29,5,4176,0,0,Impaired,Snow,Clear,17.55,0.6,45.4,9.3,74385,3.84,3740,14.3,0,82.7,8.12,9.56,7.02,0,0.603,0
100030,NY,6306,2024-01-30,3,3880,1,0,Normal,Ice,Fog,4.29,2.5,102.8,2.2,70919,2.57,3485,60.0,1,83.1,5.33,7.34,6.34,1,0.071,0
100031,FL,7542,2024-01-31,2,9211,2,0,Speeding,Snow,Snow,12.5,6.8,27.6,7.6,95782,7.88,3251,53.6,0,29.2,0.53,6.62,9.85,0,0.069,0
100032,NY,5730,2024-02-01,1,9282,4,0,Speeding,Ice,Snow,10.3,4.4,13.2,1.6,106116,10.4,4229,77.9,0,87.5,4.57,8.17,1.38,0,0.21,0
100033,NY,8331,2024-02-02,3,17934,1,0,Impaired,Wet,Fog,21.76,4.3,64.3,15.7,107590,2.17,8455,49.1,0,77.2,9.42,1.28,4.3,0,0.29,0
100034,TX,6335,2024-02-03,2,14497,2,0,Speeding,Ice,Clear,15.79,8.9,106.6,32.1,75387,2.49,3287,33.5,0,41.8,8.88,8.59,4.25,0,0.787,1
100035,FL,9925,2024-02-04,2,20517,1,0,Normal,Wet,Fog,13.31,9.0,41.6,13.6,50823,7.73,3912,46.3,1,74.8,1.02,5.95,4.17,1,0.159,0
100036,IL,5331,2024-02-05,4,6842,4,0,Distracted,Ice,Rain,2.88,9.1,6.8,17.8,81015,10.19,108,78.5,0,96.1,7.44,3.35,6.64,0,0.044,0
100037,FL,9011,2024-02-06,1,17843,0,0,Distracted,Dry,Clear,15.14,3.5,37.3,27.0,50339,5.27,4988,58.7,0,45.9,8.06,8.16,4.9,0,0.394,0
100038,IL,7802,2024-02-07,2,6559,0,0,Speeding,Snow,Clear,2.93,7.1,55.7,20.4,38491,5.5,3021,57.0,0,23.8,2.71,8.03,5.17,0,0.416,0
100039,TX,5847,2024-02-08,3,9384,2,0,Impaired,Dry,Clear,8.43,3.1,17.8,34.5,35706,7.96,9769,26.8,0,94.2,4.72,8.46,4.32,0,0.451,0
100040,CA,7732,2024-02-09,4,6155,3,0,Impaired,Ice,Snow,3.57,2.3,72.4,34.6,50728,4.74,8364,62.1,0,60.4,7.11,1.16,9.92,0,0.827,1
100041,NY,8242,2024-02-10,1,12591,2,0,Impaired,Ice,Fog,17.3,2.3,109.8,0.4,41997,2.27,9678,62.5,0,10.5,4.39,9.69,9.28,0,0.098,0
100042,TX,1954,2024-02-11,5,21357,3,0,Impaired,Ice,Clear,5.16,3.8,49.7,31.1,95408,9.35,9404,32.2,1,57.3,1.13,9.6,3.08,1,0.704,1
100043,NY,3540,2024-02-12,3,19830,1,0,Impaired,Wet,Clear,9.8,4.6,39.0,18.4,93097,8.26,3395,43.9,0,50.1,7.06,3.57,1.12,0,0.338,0
100044,CA,8057,2024-02-13,2,15751,1,0,Speeding,Snow,Clear,22.39,8.4,44.1,39.6,73523,7.81,2536,30.6,0,85.6,9.12,0.66,8.4,0,0.31,0
100045,CA,2543,2024-02-14,2,24609,4,0,Distracted,Snow,Fog,5.11,1.6,12.7,19.3,60163,9.42,611,28.1,0,53.1,6.52,1.67,9.97,0,0.933,1
100046,TX,6294,2024-02-15,3,1026,3,0,Distracted,Ice,Snow,12.7,7.5,97.2,39.5,52718,8.75,4031,11.8,0,25.5,7.74,9.93,2.93,0,0.248,0
100047,CA,2192,2024-02-16,2,3724,4,0,Speeding,Ice,Rain,10.48,5.5,45.6,30.2,118767,4.06,6311,30.0,1,67.6,3.58,5.63,3.58,1,0.643,0
100048,IL,7314,2024-02-17,4,15569,0,0,Impaired,Wet,Snow,0.45,3.2,42.6,9.9,74619,5.52,1787,48.8,0,54.3,1.83,3.57,9.42,0,0.275,0
100049,CA,7939,2024-02-18,1,12036,3,0,Speeding,Dry,Clear,19.82,5.2,72.6,21.5,47126,3.26,9146,10.1,0,23.3,6.43,2.88,7.11,0,0.507,0
100050,NY,3682,2024-02-19,4,14047,2,0,Distracted,Dry,Snow,1.73,3.3,48.6,39.7,99926,3.3,3604,29.8,0,57.4,3.28,2.57,2.96,0,0.786,1
100051,NY,2541,2024-02-20,2,18759,0,0,Normal,Snow,Snow,11.86,6.2,71.3,34.3,75633,8.76,9968,71.7,0,82.2,8.6,6.64,5.81,0,0.882,1
100052,NY,7173,2024-02-21,5,2263,0,0,Speeding,Wet,Rain,14.02,4.6,6.8,3.9,112654,10.59,9176,51.6,0,2.9,1.23,4.19,9.44,0,0.839,1
100053,NY,6542,2024-02-22,1,9212,2,0,Impaired,Ice,Fog,15.71,2.1,89.5,28.3,38317,11.63,7145,52.6,0,63.1,4.33,9.65,8.12,0,0.582,0
100054,IL,2366,2024-02-23,1,6297,0,0,Distracted,Snow,Fog,17.22,1.6,103.5,13.8,79980,8.28,8316,38.2,0,35.0,3.97,6.84,7.42,0,0.249,0
100055,FL,9692,2024-02-24,3,9708,3,0,Distracted,Wet,Snow,6.33,5.7,71.4,0.3,79115,3.84,344,57.4,0,29.3,9.38,7.92,7.37,0,0.661,0
100056,TX,9703,2024-02-25,3,23983,4,0,Distracted,Dry,Snow,0.25,9.1,105.0,16.1,96646,3.06,8262,23.3,0,39.3,1.53,2.93,1.78,0,0.71,1
100057,NY,8495,2024-02-26,5,5609,0,0,Distracted,Wet,Fog,18.09,3.8,16.7,9.4,78158,10.13,9280,67.3,0,34.2,0.1,0.79,8.25,0,0.011,0
100058,CA,5313,2024-02-27,1,23528,3,0,Impaired,Dry,Fog,13.39,7.5,52.5,32.8,90963,7.79,5380,18.2,0,83.2,2.38,4.88,2.76,0,0.439,0
100059,NY,2325,2024-02-28,5,17000,1,0,Normal,Wet,Rain,20.9,6.8,66.2,13.5,82631,8.18,4705,55.9,0,27.5,8.2,3.15,9.3,0,0.843,1
100060,CA,4142,2024-02-29,3,2933,3,0,Distracted,Snow,Clear,20.53,9.3,64.0,33.1,84316,9.81,1159,33.9,1,73.3,2.09,2.02,3.65,1,0.49,0
100061,CA,8420,2024-03-01,3,22347,4,0,Speeding,Dry,Snow,21.08,8.3,44.2,0.0,94342,9.03,3821,62.3,0,9.4,2.41,9.53,8.58,0,0.311,0
100062,NY,4487,2024-03-02,1,17467,3,1,Normal,Snow,Fog,12.13,5.9,37.2,12.3,50504,10.34,8613,48.5,0,95.1,1.3,4.44,2.66,0,0.872,1
100063,IL,2811,2024-03-03,4,20672,2,0,Distracted,Snow,Snow,8.34,6.7,14.0,9.6,103593,2.56,6173,41.7,0,62.2,7.15,1.75,5.15,0,0.156,0
100064,CA,7589,2024-03-04,2,4667,4,0,Normal,Dry,Snow,19.79,9.0,43.1,9.3,61660,9.48,7697,21.9,1,70.7,0.69,1.99,1.07,1,0.206,0
100065,CA,3924,2024-03-05,3,18273,1,0,Speeding,Dry,Fog,11.28,4.3,17.9,2.7,72196,10.51,1224,54.6,0,29.8,3.31,2.81,6.6,0,0.687,0
100066,NY,6302,2024-03-06,3,8857,2,0,Distracted,Ice,Rain,4.59,3.6,80.8,7.5,100938,4.86,1214,78.2,1,41.2,2.82,9.99,8.36,1,0.352,0
100067,CA,5187,2024-03-07,4,6654,3,0,Speeding,Ice,Snow,21.37,0.6,23.0,22.2,43605,8.4,9334,67.8,0,22.4,5.55,2.68,7.18,0,0.713,1
100068,CA,9906,2024-03-08,4,22304,4,1,Impaired,Ice,Rain,22.06,8.4,6.4,11.7,92388,5.14,9525,14.2,1,93.3,7.3,3.29,5.23,1,0.158,0
100069,NY,6978,2024-03-09,5,9420,1,0,Distracted,Snow,Fog,11.66,8.1,60.8,16.7,116297,11.58,9087,36.3,1,48.8,5.33,6.59,0.45,1,0.252,0
100070,NY,5269,2024-03-10,5,18927,2,0,Distracted,Snow,Clear,1.89,1.5,65.5,15.1,90501,2.33,8762,74.8,0,63.0,9.31,2.94,9.33,0,0.157,0
100071,TX,5749,2024-03-11,2,21081,1,0,Distracted,Ice,Clear,9.7,6.0,95.9,35.0,88309,7.8,4516,45.2,0,73.4,9.51,2.16,7.05,0,0.953,1
100072,IL,5850,2024-03-12,2,20380,3,0,Distracted,Snow,Snow,20.09,4.9,63.5,36.2,62043,3.67,5588,56.3,0,37.1,3.61,1.59,7.46,0,0.405,0
100073,IL,4710,2024-03-13,1,17662,1,0,Impaired,Snow,Fog,22.54,1.6,38.0,19.7,68635,9.12,7161,73.9,0,72.0,7.78,3.13,7.95,0,0.337,0
100074,CA,7620,2024-03-14,5,713,0,0,Distracted,Dry,Rain,5.09,9.8,88.3,13.2,114315,3.76,8484,71.2,0,67.6,7.39,1.06,7.48,0,0.014,0
100075,IL,9648,2024-03-15,3,4262,2,0,Normal,Dry,Snow,1.67,2.5,59.4,4.3,115691,4.35,2850,45.1,0,70.6,8.93,0.19,4.41,0,0.153,0
100076,CA,4073,2024-03-16,5,13899,1,0,Distracted,Snow,Fog,21.93,1.1,8.7,38.1,68132,6.94,4657,40.6,0,48.9,4.48,8.05,7.34,0,0.421,0
100077,TX,7531,2024-03-17,3,10268,3,0,Impaired,Ice,Fog,9.74,6.2,62.2,2.4,50366,11.15,7312,33.8,0,38.3,5.3,1.38,6.25,0,0.069,0
100078,NY,1505,2024-03-18,4,11140,3,0,Distracted,Wet,Rain,13.54,7.5,99.9,11.9,107107,4.12,1591,60.3,0,22.2,4.16,7.76,8.54,0,0.511,0
100079,NY,2215,2024-03-19,5,7231,1,0,Normal,Ice,Snow,24.2,0.8,43.6,11.9,97580,3.44,2815,30.1,0,82.5,8.5,7.98,8.02,0,0.455,0
100080,NY,2532,2024-03-20,4,20001,3,0,Impaired,Wet,Fog,1.66,6.8,32.6,12.8,92889,9.59,4541,27.5,0,60.8,2.3,5.38,0.41,0,0.767,1
100081,IL,8577,2024-03-21,2,6291,4,0,Impaired,Ice,Fog,16.21,5.6,15.8,6.6,114553,7.01,3133,34.9,1,44.4,2.4,3.1,3.79,1,0.66,0
100082,TX,1824,2024-03-22,2,16322,4,0,Normal,Dry,Fog,1.85,1.5,16.7,31.3,74236,11.12,5406,22.4,0,94.4,3.73,1.45,0.35,0,0.446,0
100083,IL,1929,2024-03-23,1,9283,4,0,Normal,Snow,Rain,9.39,2.1,47.6,4.9,39150,3.47,1907,58.7,0,4.8,2.3,7.37,1.02,0,0.225,0
100084,IL,6030,2024-03-24,5,14121,0,0,Normal,Snow,Snow,20.1,5.9,65.5,25.4,54423,8.46,819,53.1,0,85.0,5.61,6.01,6.01,0,0.727,1
100085,TX,1134,2024-03-25,4,16519,1,0,Normal,Dry,Snow,10.84,3.3,8.9,5.0,39137,4.33,1472,43.8,0,99.8,1.34,6.55,8.74,0,0.708,1
100086,TX,3106,2024-03-26,3,3220,0,0,Normal,Wet,Snow,24.93,9.4,103.4,2.8,64992,3.57,8648,37.3,0,88.7,3.2,0.09,1.2,0,0.153,0
100087,TX,4628,2024-03-27,2,9405,3,0,Impaired,Wet,Snow,13.98,8.3,83.1,36.4,79921,8.83,3022,73.6,0,81.0,9.13,9.28,4.51,0,0.915,1
100088,TX,7317,2024-03-28,2,9627,0,0,Impaired,Wet,Clear,8.03,9.8,64.5,7.6,114369,7.94,1922,12.0,1,37.4,4.09,0.66,9.11,1,0.064,0
100089,NY,2853,2024-03-29,3,22931,3,0,Distracted,Dry,Clear,5.5,3.0,91.1,32.9,101917,9.55,5649,63.8,0,23.1,7.48,3.67,8.14,0,0.055,0
100090,FL,5911,2024-03-30,4,24916,3,0,Distracted,Wet,Snow,8.76,9.7,8.8,21.8,108690,5.09,2319,73.1,0,73.5,1.13,4.03,5.2,0,0.187,0
100091,FL,5176,2024-03-31,4,16885,2,0,Speeding,Dry,Rain,9.31,4.6,52.5,3.1,69235,6.48,5325,41.2,1,30.5,2.48,0.01,7.72,1,0.909,1
100092,TX,6349,2024-04-01,5,6868,4,0,Distracted,Ice,Clear,1.72,3.8,69.3,38.2,113975,6.05,4799,48.5,0,17.6,8.07,4.97,5.23,0,0.52,0
100093,FL,7191,2024-04-02,5,14556,3,0,Distracted,Ice,Fog,9.24,1.0,91.2,9.9,54122,11.84,6621,76.1,1,78.7,7.63,7.53,1.58,1,0.788,1
100094,FL,2257,2024-04-03,1,12736,2,0,Normal,Dry,Clear,11.61,1.0,86.2,34.4,58956,4.92,9423,24.9,1,31.3,3.86,8.23,1.25,1,0.228,0
100095,TX,4377,2024-04-04,2,18833,4,0,Normal,Snow,Fog,18.07,7.1,30.5,6.8,98879,4.95,5122,46.4,0,91.4,9.54,8.79,1.88,0,0.49,0
100096,FL,6646,2024-04-05,5,23616,3,0,Distracted,Ice,Snow,16.42,4.9,103.5,34.2,93560,5.55,9681,43.2,0,84.1,9.11,4.88,3.51,0,0.358,0
100097,IL,4487,2024-04-06,4,14951,3,0,Speeding,Wet,Clear,17.72,2.7,13.7,0.5,117800,7.65,5513,28.1,0,84.8,9.62,6.31,9.31,0,0.828,1
100098,CA,4585,2024-04-07,3,24717,0,0,Normal,Dry,Rain,0.21,6.3,96.3,20.5,103685,4.52,7500,67.3,0,77.2,4.28,0.8,8.0,0,0.023,0
100099,CA,9054,2024-04-08,4,17801,0,0,Distracted,Wet,Clear,5.44,2.9,106.8,30.8,59660,11.15,8470,73.0,0,88.1,1.97,4.88,4.33,0,0.244,0
100100,TX,4331,2024-04-09,2,20058,4,0,Distracted,Wet,Clear,16.54,6.0,19.5,37.4,36168,4.66,4009,64.7,1,80.6,6.27,1.55,4.93,1,0.153,0
100101,NY,3704,2024-04-10,4,10933,3,0,Impaired,Snow,Clear,12.1,3.9,79.4,36.4,80124,10.96,1363,23.7,0,60.3,6.85,3.7,2.66,0,0.859,1
100102,TX,9663,2024-04-11,1,16025,1,0,Speeding,Wet,Snow,0.13,8.3,4.4,32.8,70897,3.03,7897,16.1,0,29.6,1.25,3.29,7.04,0,0.468,0
100103,NY,9121,2024-04-12,2,23898,0,0,Impaired,Snow,Rain,20.11,8.3,44.6,35.5,50032,8.57,1120,52.4,0,88.8,7.86,4.24,8.03,0,0.404,0
100104,CA,8115,2024-04-13,3,589,4,0,Speeding,Ice,Clear,19.32,5.0,56.8,8.0,87797,11.07,9216,14.0,0,84.1,0.18,5.72,2.39,0,0.449,0
100105,TX,2354,2024-04-14,1,18593,3,0,Normal,Dry,Rain,13.71,3.8,63.9,11.4,70294,3.69,9980,57.1,0,47.3,4.83,9.03,0.42,0,0.972,1
100106,IL,6064,2024-04-15,2,10861,3,0,Speeding,Wet,Snow,1.66,3.9,103.0,11.6,78827,11.68,3335,47.1,0,3.9,3.31,3.94,6.24,0,0.85,1
100107,FL,9550,2024-04-16,3,16869,1,0,Distracted,Dry,Fog,19.16,8.2,73.9,15.1,38516,6.53,8999,56.4,0,63.9,7.4,9.81,5.63,0,0.706,1
100108,NY,8576,2024-04-17,1,3541,4,0,Distracted,Wet,Clear,14.59,3.6,52.9,15.7,54751,11.46,3145,51.3,0,5.1,3.13,7.59,4.02,0,0.29,0
100109,FL,1668,2024-04-18,1,605,3,0,Speeding,Dry,Rain,19.55,2.5,89.1,21.8,65373,8.77,370,39.6,0,92.6,8.27,5.11,6.44,0,0.165,0
100110,FL,5469,2024-04-19,2,9578,0,0,Speeding,Wet,Rain,18.79,1.3,104.6,6.4,65270,5.02,2371,24.1,0,96.2,5.95,6.44,5.51,0,0.921,1
100111,TX,7820,2024-04-20,5,18779,1,0,Speeding,Wet,Snow,20.08,4.9,2.4,27.6,45386,3.88,605,31.4,0,18.9,7.94,1.02,2.51,0,0.423,0
100112,FL,4720,2024-04-21,1,6590,4,0,Impaired,Wet,Clear,12.95,5.1,108.1,6.7,99817,5.04,4989,46.7,0,67.6,9.89,8.45,3.98,0,0.279,0
100113,IL,3746,2024-04-22,1,6582,1,1,Speeding,Wet,Fog,3.51,8.5,9.5,12.4,100184,2.93,5482,55.6,0,9.2,6.79,5.82,4.28,0,0.471,0
100114,FL,8484,2024-04-23,3,17518,0,0,Normal,Wet,Rain,16.78,2.6,89.6,20.1,114693,3.44,1436,64.6,0,73.0,9.85,9.86,8.8,0,0.918,1
100115,TX,1540,2024-04-24,4,2425,4,0,Impaired,Wet,Clear,15.51,4.1,30.8,31.9,72879,3.05,4813,63.7,0,34.7,0.29,6.36,9.61,0,0.387,0
100116,IL,5965,2024-04-25,2,18940,1,0,Impaired,Wet,Fog,18.56,8.2,14.5,29.6,84597,6.23,6904,78.1,0,68.1,3.38,8.34,8.93,0,0.563,0
100117,CA,5836,2024-04-26,2,7417,2,0,Speeding,Wet,Rain,4.25,8.3,48.4,25.8,74132,9.96,7687,30.0,0,37.3,1.08,8.0,7.19,0,0.803,1
100118,FL,4776,2024-04-27,5,20028,0,0,Normal,Wet,Rain,4.87,4.2,70.8,6.2,38626,3.41,4891,15.0,0,14.6,2.62,3.45,5.85,0,0.427,0
100119,TX,7043,2024-04-28,5,1052,0,0,Impaired,Dry,Fog,22.26,4.9,41.9,21.9,116515,3.3,3917,34.2,0,40.6,8.39,2.6,6.89,0,0.234,0
100120,CA,8103,2024-04-29,2,22267,0,0,Distracted,Snow,Fog,18.75,3.4,6.0,3.5,112065,8.43,3843,62.0,0,11.3,0.32,4.3,9.39,0,0.995,1
100121,CA,8313,2024-04-30,5,4411,2,0,Impaired,Wet,Snow,22.71,9.4,65.9,15.1,90390,3.97,7423,40.7,0,57.7,5.2,4.67,2.5,0,0.957,1
100122,NY,6321,2024-05-01,3,3889,2,0,Speeding,Snow,Clear,18.97,1.6,99.3,16.5,51645,2.98,2563,67.2,1,4.1,5.67,2.4,5.35,1,0.843,1
100123,IL,7133,2024-05-02,2,14129,3,0,Normal,Wet,Clear,14.93,9.4,42.2,1.6,89144,3.67,3853,48.5,0,52.7,5.61,8.95,6.9,0,0.688,0
100124,FL,8892,2024-05-03,5,2930,1,0,Speeding,Wet,Snow,16.35,7.0,23.8,11.0,48382,11.24,2377,75.1,0,88.6,4.75,5.43,6.79,0,0.295,0
100125,TX,3780,2024-05-04,2,958,3,0,Distracted,Dry,Rain,22.23,5.5,48.7,38.2,39025,10.21,8859,76.4,0,83.8,7.91,9.78,2.52,0,0.913,1
100126,NY,1925,2024-05-05,4,13895,1,0,Distracted,Ice,Fog,14.47,0.8,5.3,38.1,78226,5.54,2215,14.9,0,88.3,1.34,8.1,5.87,0,0.276,0
100127,IL,2582,2024-05-06,1,707,2,0,Distracted,Ice,Fog,15.81,5.0,90.3,14.1,114380,8.56,3358,41.9,1,92.2,3.11,5.56,7.96,1,0.801,1
100128,NY,8715,2024-05-07,2,1399,2,0,Speeding,Dry,Fog,3.91,4.4,90.9,1.7,104711,7.37,6502,52.7,0,10.5,6.16,9.47,4.75,0,0.918,1
100129,IL,4325,2024-05-08,1,12153,3,0,Impaired,Snow,Rain,11.85,2.0,64.7,7.2,109710,8.77,8117,27.9,1,12.9,6.91,5.05,7.93,1,0.603,0
100130,IL,6714,2024-05-09,5,16905,4,0,Speeding,Ice,Fog,17.91,6.7,38.8,15.7,38443,8.83,7692,38.5,0,55.7,4.04,8.87,3.6,0,0.803,1
100131,FL,8027,2024-05-10,1,9101,3,0,Normal,Dry,Fog,6.77,9.7,88.0,37.9,56395,8.29,6454,57.4,0,89.4,8.75,3.58,9.39,0,0.792,1
100132,IL,1256,2024-05-11,2,1394,1,0,Impaired,Dry,Snow,5.06,5.8,61.0,5.6,45725,4.66,1042,25.9,0,97.4,4.15,3.79,5.34,0,0.193,0
100133,NY,5805,2024-05-12,4,1014,3,0,Distracted,Ice,Rain,7.85,7.3,90.9,30.5,68461,2.39,5474,52.1,0,4.6,4.03,4.18,5.96,0,0.668,0
100134,IL,2839,2024-05-13,5,24178,0,0,Speeding,Snow,Clear,6.04,1.2,69.5,4.3,76115,6.56,9619,58.8,0,35.6,0.36,5.47,0.31,0,0.093,0
100135,FL,1010,2024-05-14,2,21788,1,0,Distracted,Dry,Snow,5.37,4.5,86.3,39.3,118732,10.91,4431,16.3,0,21.3,5.51,5.53,1.7,0,0.508,0
100136,FL,3872,2024-05-15,5,24751,1,0,Distracted,Wet,Snow,10.62,1.6,65.8,15.3,114790,7.69,3224,44.8,0,75.6,7.09,4.96,6.33,0,0.162,0
100137,NY,9990,2024-05-16,3,4609,4,0,Normal,Snow,Clear,22.7,6.3,45.6,31.0,114557,10.32,4832,28.4,0,64.0,1.14,3.06,4.2,0,0.416,0
100138,CA,8410,2024-05-17,1,13758,2,0,Impaired,Snow,Snow,12.68,9.4,105.4,13.7,106260,11.92,9547,60.7,1,12.0,3.05,9.27,5.08,1,0.833,1
100139,CA,8419,2024-05-18,3,15813,1,0,Normal,Ice,Rain,4.7,6.8,59.5,25.1,63690,3.64,5610,23.3,0,48.4,7.81,5.89,0.63,0,0.987,1
100140,IL,6125,2024-05-19,2,15849,2,0,Normal,Ice,Fog,1.92,1.2,66.6,7.7,36407,8.92,7510,72.5,0,68.5,3.66,4.08,8.34,0,0.318,0
100141,TX,2016,2024-05-20,4,7679,3,0,Normal,Wet,Rain,17.4,3.9,24.3,5.8,108568,8.74,3128,40.2,0,77.9,2.42,6.51,7.85,0,0.532,0
100142,IL,3194,2024-05-21,5,10826,0,0,Distracted,Dry,Clear,9.57,5.7,68.8,37.5,93560,11.8,3033,23.9,0,2.0,6.72,7.68,1.85,0,0.511,0
100143,NY,9416,2024-05-22,1,12287,4,0,Normal,Ice,Clear,20.55,4.3,62.9,36.7,82340,11.86,7309,40.7,0,89.0,1.97,9.61,6.34,0,0.954,1
100144,NY,8450,2024-05-23,5,2060,2,1,Normal,Ice,Snow,16.49,8.4,20.3,35.5,52794,8.87,6104,38.6,0,56.9,8.96,5.0,8.18,0,0.479,0
100145,NY,5159,2024-05-24,2,14112,1,0,Impaired,Snow,Rain,19.91,8.2,6.6,25.0,54881,4.44,2573,40.0,1,81.2,1.06,1.12,6.41,1,0.699,0
100146,NY,4926,2024-05-25,5,18150,2,0,Impaired,Ice,Rain,6.8,6.3,66.5,32.3,84703,9.99,9727,51.0,0,80.8,7.07,4.41,3.1,0,0.922,1
100147,NY,7971,2024-05-26,1,20522,1,0,Normal,Ice,Clear,17.31,4.0,84.0,2.8,79354,3.07,4631,46.5,0,19.0,5.0,4.79,6.56,0,0.373,0
100148,FL,7939,2024-05-27,2,20311,2,0,Impaired,Ice,Rain,6.6,2.9,57.6,13.4,113462,9.81,5659,20.5,0,11.0,8.7,8.97,2.1,0,0.902,1
100149,CA,5785,2024-05-28,5,5280,1,0,Impaired,Ice,Clear,23.48,1.5,24.9,12.5,49390,11.1,2051,14.6,0,72.1,1.26,3.95,3.18,0,0.917,1
100150,NY,5001,2024-05-29,4,18811,3,0,Normal,Snow,Rain,15.91,3.9,73.3,25.4,62307,5.83,1437,61.1,0,15.6,6.78,9.53,2.4,0,0.931,1
100151,TX,2634,2024-05-30,2,12394,1,0,Distracted,Wet,Rain,8.11,4.4,8.8,14.2,59502,8.31,6602,49.2,0,85.0,5.72,4.85,5.57,0,0.27,0
100152,TX,8267,2024-05-31,2,2856,1,0,Normal,Wet,Rain,6.74,6.9,48.6,5.9,57486,6.3,1080,35.1,0,72.6,4.8,9.74,1.08,0,0.4,0
100153,TX,9703,2024-06-01,4,5290,0,0,Impaired,Dry,Clear,4.77,6.8,18.0,23.9,73258,6.38,1270,66.6,1,84.2,4.91,0.08,9.33,1,0.87,1
100154,TX,1385,2024-06-02,3,17190,1,0,Distracted,Ice,Snow,17.37,1.2,20.3,32.6,92716,5.1,6085,37.2,0,29.9,7.22,8.99,3.34,0,0.359,0
100155,FL,1405,2024-06-03,1,24863,0,0,Speeding,Snow,Rain,5.47,4.3,22.3,15.3,116494,9.62,9860,65.7,0,31.7,9.38,9.31,2.19,0,0.6,0
100156,TX,9176,2024-06-04,3,20549,4,0,Distracted,Dry,Clear,14.88,2.2,42.5,5.3,117768,11.36,9505,31.4,0,67.1,0.91,9.61,4.97,0,0.118,0
100157,NY,3001,2024-06-05,5,10681,0,0,Impaired,Dry,Clear,6.62,2.0,5.6,7.9,45748,11.41,6573,15.1,0,3.1,0.2,0.13,2.77,0,0.056,0
100158,IL,6990,2024-06-06,4,7557,3,0,Distracted,Wet,Rain,16.55,8.4,43.8,9.5,97785,3.75,8124,75.3,0,72.6,8.06,1.72,5.35,0,0.412,0
100159,TX,2461,2024-06-07,3,16582,0,1,Normal,Snow,Rain,20.37,0.9,56.3,12.0,111050,10.75,9113,37.6,0,83.6,1.08,6.54,3.49,0,0.579,0
100160,FL,8191,2024-06-08,2,1161,4,0,Speeding,Snow,Snow,19.45,4.5,53.2,25.7,57738,9.37,884,65.5,0,41.5,9.87,0.25,1.32,0,0.393,0
100161,FL,8141,2024-06-09,5,5144,3,0,Speeding,Snow,Clear,19.02,2.1,42.1,24.0,109231,4.53,9160,29.5,1,76.5,6.19,0.64,2.66,1,0.578,0
100162,TX,4637,2024-06-10,5,16211,2,0,Speeding,Wet,Clear,4.69,8.9,92.3,27.8,108606,2.67,1774,55.2,1,17.5,6.51,2.21,4.38,1,0.515,0
100163,IL,5810,2024-06-11,3,3420,2,0,Impaired,Wet,Fog,2.21,5.8,16.0,14.5,76662,4.68,6648,71.1,0,32.2,1.99,5.12,0.3,0,0.686,0
100164,TX,5179,2024-06-12,3,16502,0,0,Impaired,Wet,Clear,17.47,2.7,55.6,33.0,117234,11.12,2463,12.9,1,97.4,2.4,5.46,7.71,1,0.65,0
100165,FL,8246,2024-06-13,4,14525,0,0,Speeding,Wet,Snow,9.21,5.3,6.8,8.2,50123,8.33,9555,68.1,0,98.6,6.59,0.34,6.22,0,0.424,0
100166,CA,7601,2024-06-14,1,9446,4,0,Distracted,Wet,Fog,10.81,7.4,7.8,18.8,60616,9.21,6043,50.0,0,51.3,9.1,1.7,6.01,0,0.425,0
100167,NY,6998,2024-06-15,3,13232,4,0,Speeding,Ice,Fog,0.78,9.6,63.1,32.0,46182,4.57,4548,52.5,1,93.4,9.82,5.0,5.46,1,0.141,0
100168,FL,3049,2024-06-16,3,6736,1,0,Distracted,Ice,Fog,6.49,2.6,62.3,7.2,97013,9.19,2155,46.6,0,52.3,1.98,5.94,5.9,0,0.513,0
100169,TX,5781,2024-06-17,2,16809,4,0,Distracted,Snow,Rain,0.84,8.9,96.6,4.4,66331,2.28,2618,71.2,0,29.2,1.34,1.48,9.35,0,0.587,0
100170,NY,1717,2024-06-18,5,22962,1,0,Impaired,Dry,Rain,21.98,9.4,61.4,35.3,81098,5.75,9380,13.0,0,26.7,0.56,3.99,0.09,0,0.476,0
100171,TX,8940,2024-06-19,1,14018,3,0,Distracted,Snow,Clear,6.08,9.2,105.6,13.7,61128,8.27,259,28.3,0,93.0,8.68,9.04,0.48,0,0.326,0
100172,TX,6566,2024-06-20,2,852,0,0,Speeding,Dry,Fog,13.93,6.5,5.4,27.4,66556,3.46,9306,71.3,1,17.2,2.95,9.99,1.91,1,0.722,1
100173,CA,5545,2024-06-21,4,7505,3,0,Impaired,Wet,Snow,0.97,6.5,10.8,1.0,56876,10.23,4961,62.7,0,58.0,0.02,9.87,1.67,0,0.075,0
100174,NY,5977,2024-06-22,4,14536,4,0,Normal,Dry,Rain,16.67,4.3,4.8,27.6,43949,4.35,2270,11.2,0,55.6,2.24,8.82,1.81,0,0.914,1
100175,NY,4420,2024-06-23,3,17042,3,0,Normal,Snow,Snow,8.08,7.6,20.4,12.6,86962,8.52,283,46.2,0,74.0,3.4,3.95,6.72,0,0.021,0
100176,CA,8240,2024-06-24,3,1456,3,0,Impaired,Snow,Snow,22.45,5.5,59.5,2.2,106206,6.05,842,47.1,0,49.9,9.91,6.87,4.59,0,0.962,1
100177,FL,1250,2024-06-25,4,2571,3,0,Speeding,Dry,Rain,22.2,6.9,71.0,24.4,59099,7.96,3160,38.1,0,27.2,5.24,4.17,9.92,0,0.462,0
100178,TX,9866,2024-06-26,3,9095,4,0,Normal,Ice,Rain,8.13,4.6,5.0,9.6,47716,3.07,2216,30.8,0,16.9,2.05,6.49,2.27,0,0.413,0
100179,IL,1771,2024-06-27,1,15640,3,0,Normal,Wet,Rain,22.52,7.4,104.1,15.5,87611,2.17,8576,57.7,0,62.1,3.35,3.09,3.11,0,0.256,0
100180,TX,5364,2024-06-28,3,13303,1,0,Distracted,Wet,Rain,24.9,8.3,92.6,3.2,73885,11.1,9601,24.5,0,71.9,3.3,6.06,9.84,0,0.01,0
100181,TX,2078,2024-06-29,5,3953,4,0,Distracted,Snow,Fog,20.64,1.9,32.6,5.9,88144,4.7,5243,65.9,1,57.0,0.2,5.24,8.32,1,0.275,0
100182,FL,9428,2024-06-30,3,7175,3,0,Speeding,Ice,Fog,21.12,8.4,8.5,11.9,100220,10.2,1264,66.2,0,73.8,1.35,0.24,4.7,0,0.109,0
100183,TX,9581,2024-07-01,2,1455,4,0,Impaired,Dry,Fog,6.23,5.6,18.7,3.6,42837,11.99,4469,39.1,0,14.2,6.95,7.91,5.55,0,0.66,0
100184,CA,8902,2024-07-02,1,6795,2,0,Speeding,Wet,Fog,14.42,8.5,14.0,36.4,84355,4.11,7364,29.8,0,88.2,1.2,0.12,8.43,0,0.319,0
100185,CA,5859,2024-07-03,2,16421,1,0,Impaired,Ice,Clear,1.68,4.6,13.6,0.2,82299,4.65,8525,29.9,1,58.2,2.31,2.93,4.81,1,0.767,1
100186,NY,7545,2024-07-04,2,18596,3,0,Normal,Wet,Fog,2.37,4.1,57.0,19.4,54159,8.63,262,43.8,1,12.7,3.51,0.06,2.06,1,0.207,0
100187,IL,5720,2024-07-05,5,15782,2,0,Distracted,Ice,Rain,24.97,9.2,27.0,4.9,86012,11.65,1708,60.4,0,46.2,7.58,3.76,8.28,0,0.9,1
100188,TX,3815,2024-07-06,1,5203,2,0,Speeding,Ice,Snow,8.17,2.9,39.4,12.3,94305,11.16,5074,35.1,0,84.5,5.82,0.63,5.38,0,0.523,0
100189,TX,4375,2024-07-07,1,7063,4,0,Speeding,Snow,Fog,18.7,8.5,108.8,37.0,52106,7.03,9659,52.7,0,89.8,6.89,9.14,1.53,0,0.115,0
100190,FL,2253,2024-07-08,1,22515,2,0,Impaired,Wet,Clear,20.17,5.1,75.3,6.5,93123,9.95,5967,36.8,0,26.5,5.67,4.16,5.06,0,0.401,0
100191,CA,7997,2024-07-09,1,12503,1,0,Impaired,Dry,Rain,21.45,5.4,104.4,38.6,43720,3.36,5191,31.3,0,71.1,6.84,4.59,4.13,0,0.207,0
100192,IL,5674,2024-07-10,1,11317,1,0,Speeding,Snow,Snow,24.94,3.4,15.7,8.2,72661,11.77,1844,11.7,0,10.0,0.03,3.5,8.77,0,0.2,0
100193,NY,5531,2024-07-11,5,11671,0,0,Impaired,Snow,Snow,6.04,5.9,42.0,29.7,56120,11.64,6038,10.3,1,3.4,9.31,6.28,1.26,1,0.506,0
100194,CA,7882,2024-07-12,3,13082,1,0,Speeding,Dry,Fog,1.01,3.6,61.0,21.9,54790,3.64,8346,25.9,0,56.0,1.11,7.84,8.75,0,0.672,0
100195,NY,7950,2024-07-13,2,12701,2,0,Speeding,Snow,Snow,10.28,0.9,8.4,35.4,93655,4.99,5628,38.4,1,69.5,4.06,6.48,5.12,1,0.912,1
100196,FL,7242,2024-07-14,1,18278,1,0,Speeding,Ice,Fog,3.25,3.1,0.5,22.2,94643,3.0,5601,69.6,0,79.6,7.71,7.48,4.04,0,0.502,0
100197,FL,9018,2024-07-15,3,12973,4,0,Normal,Ice,Fog,0.56,0.6,73.7,21.4,82374,4.72,3895,65.9,0,34.0,4.35,9.06,1.62,0,0.966,1
100198,TX,7942,2024-07-16,3,9961,0,0,Impaired,Wet,Rain,9.01,9.8,70.6,7.8,77907,10.16,6956,28.7,0,0.7,9.47,8.64,7.01,0,0.942,1
100199,IL,8003,2024-07-17,2,21616,2,0,Distracted,Wet,Rain,19.59,9.7,45.2,6.6,85071,5.78,428,27.1,0,48.0,4.68,6.74,9.27,0,0.865,1
100200,NY,2332,2024-07-18,5,20598,0,1,Distracted,Dry,Clear,14.15,4.3,53.9,36.7,69812,2.88,3343,25.9,0,1.6,8.75,2.15,3.75,0,0.5,0
100201,CA,5262,2024-07-19,4,16096,2,0,Impaired,Wet,Rain,7.82,7.4,45.7,13.1,84570,5.42,3379,33.7,1,9.2,8.11,6.38,2.42,1,0.141,0
100202,FL,8649,2024-07-20,4,1029,4,0,Speeding,Ice,Rain,16.36,3.8,2.6,14.9,85901,11.81,4858,44.9,1,32.7,9.81,5.06,5.55,1,0.218,0
100203,TX,6116,2024-07-21,3,19842,0,0,Distracted,Dry,Fog,5.8,6.9,36.9,30.4,95186,8.3,7987,40.7,1,43.7,9.27,7.17,7.96,1,0.648,0
100204,TX,5638,2024-07-22,2,24788,3,0,Distracted,Dry,Rain,0.36,8.2,19.5,13.6,85251,6.16,274,25.3,0,27.9,8.98,8.33,0.04,0,0.422,0
100205,NY,5855,2024-07-23,4,20475,2,0,Impaired,Wet,Fog,19.11,9.5,10.8,38.1,100171,3.67,787,19.1,1,58.2,7.32,7.43,6.31,1,0.147,0
100206,FL,4178,2024-07-24,3,23779,3,0,Distracted,Ice,Fog,15.59,4.3,105.2,29.5,71160,11.86,285,10.9,0,5.5,3.67,8.47,5.97,0,0.479,0
100207,IL,8731,2024-07-25,5,13265,0,0,Speeding,Dry,Rain,19.06,7.9,65.9,23.9,54156,10.21,761,20.8,0,14.5,1.06,0.64,3.18,0,0.017,0
100208,FL,3181,2024-07-26,4,14410,3,0,Impaired,Ice,Clear,0.97,3.0,80.2,35.2,111208,4.81,6038,59.4,0,69.5,6.89,0.32,4.51,0,0.734,1
100209,NY,5893,2024-07-27,3,12061,3,0,Speeding,Ice,Clear,20.93,9.9,34.7,2.0,114980,2.7,1938,27.1,0,14.2,9.79,2.59,2.47,0,0.074,0
100210,NY,8044,2024-07-28,3,9631,0,0,Distracted,Ice,Snow,15.49,0.7,43.2,10.3,107320,2.57,7223,42.8,0,64.0,7.27,9.01,7.9,0,0.629,0
100211,FL,1138,2024-07-29,1,1025,4,0,Distracted,Wet,Snow,14.08,6.2,26.1,18.6,52929,3.2,1309,51.4,0,5.5,9.29,8.24,6.35,0,0.793,1
100212,NY,7328,2024-07-30,5,23361,3,0,Speeding,Snow,Rain,15.62,6.8,10.7,9.1,101606,7.81,5296,72.1,1,40.7,8.04,6.83,5.33,1,0.133,0
100213,FL,4473,2024-07-31,1,16885,3,0,Normal,Snow,Clear,21.61,7.0,19.7,29.8,97559,11.29,7321,72.2,0,17.7,1.63,7.01,3.93,0,0.519,0
100214,CA,6450,2024-08-01,2,874,4,0,Distracted,Dry,Fog,14.67,1.6,87.7,36.8,89205,6.97,798,62.2,0,11.0,2.49,7.27,2.91,0,0.779,1
100215,FL,3833,2024-08-02,1,12697,3,0,Normal,Ice,Snow,14.52,9.4,74.5,17.0,103475,10.43,3601,12.5,1,56.7,3.42,9.43,8.23,1,0.261,0
100216,FL,4580,2024-08-03,1,5148,3,0,Distracted,Wet,Fog,24.77,2.2,60.2,13.7,99341,6.46,6450,50.3,0,92.8,1.68,8.32,4.51,0,0.163,0
100217,NY,6972,2024-08-04,4,2865,3,0,Normal,Ice,Snow,18.92,6.4,52.3,38.5,77863,9.09,6693,65.1,1,5.5,5.82,6.23,5.01,1,0.337,0
100218,NY,5165,2024-08-05,3,18409,1,0,Normal,Ice,Rain,11.06,2.6,101.5,17.8,116837,9.32,8751,11.2,0,42.2,9.75,6.66,5.21,0,0.555,0
100219,TX,8942,2024-08-06,5,2146,4,0,Normal,Wet,Clear,17.68,3.4,8.0,19.6,100439,3.74,1873,48.5,0,70.8,7.61,2.14,4.48,0,0.575,0
100220,TX,6570,2024-08-07,1,513,3,0,Speeding,Snow,Snow,9.73,5.7,30.9,14.1,42194,5.61,6902,70.0,0,46.3,4.23,6.57,2.56,0,0.131,0
100221,CA,5301,2024-08-08,5,5099,4,0,Normal,Ice,Clear,5.72,4.5,38.5,36.4,106387,8.37,7827,43.2,0,80.6,0.05,4.25,1.2,0,0.458,0
100222,TX,7270,2024-08-09,1,2778,2,0,Normal,Ice,Fog,14.92,2.0,86.1,22.8,116914,2.71,4282,10.3,0,18.0,3.13,1.53,0.99,0,0.268,0
100223,FL,4819,2024-08-10,2,14796,2,0,Normal,Snow,Rain,23.2,2.1,109.2,30.5,101214,5.62,6569,10.8,0,96.0,5.27,8.06,7.57,0,0.842,1
100224,NY,2907,2024-08-11,1,3655,3,0,Distracted,Wet,Clear,23.23,4.5,26.5,32.5,64777,7.35,1827,39.2,0,38.5,3.24,5.1,2.24,0,0.314,0
100225,TX,7255,2024-08-12,4,8821,4,0,Normal,Dry,Rain,8.55,7.7,96.2,13.7,61183,11.96,1272,20.9,1,34.2,1.11,9.77,0.56,1,0.839,1
100226,TX,1761,2024-08-13,3,4314,4,0,Distracted,Snow,Clear,13.19,9.0,91.4,17.3,62445,6.75,7680,56.5,0,87.5,4.43,2.82,7.98,0,0.429,0
100227,CA,8831,2024-08-14,2,13625,4,0,Normal,Dry,Fog,5.29,1.3,24.7,33.9,102038,10.16,1827,59.6,0,56.4,2.53,4.81,1.54,0,0.727,1
100228,CA,8351,2024-08-15,1,3716,1,0,Normal,Dry,Fog,24.89,4.2,43.9,14.5,51198,6.32,9546,22.5,0,51.6,9.09,4.48,6.25,0,0.51,0
100229,FL,7239,2024-08-16,5,2613,2,0,Speeding,Snow,Rain,24.53,1.5,45.1,31.8,56411,9.96,7540,72.2,0,72.7,1.02,1.21,3.39,0,0.622,0
100230,NY,7091,2024-08-17,2,21240,4,0,Distracted,Ice,Fog,16.24,0.7,107.6,37.6,85577,7.95,4909,40.9,0,58.0,0.49,4.26,1.26,0,0.395,0
100231,CA,7032,2024-08-18,2,10738,4,0,Normal,Dry,Snow,20.11,6.8,19.9,24.9,50867,10.87,8943,20.0,1,16.3,0.05,2.88,4.14,1,0.768,1
100232,TX,8688,2024-08-19,1,14260,1,0,Distracted,Dry,Clear,17.88,6.2,87.9,29.7,97501,6.11,8168,63.5,0,67.4,3.28,1.6,0.15,0,0.425,0
100233,NY,9473,2024-08-20,2,22427,1,0,Distracted,Wet,Fog,14.83,2.0,36.8,32.2,49266,8.04,3039,65.3,0,13.3,6.6,2.82,8.41,0,0.457,0
100234,NY,2888,2024-08-21,5,21439,4,0,Impaired,Ice,Snow,1.33,2.7,80.4,33.8,74422,8.3,8393,54.8,0,80.6,7.3,2.33,5.13,0,0.518,0
100235,TX,4267,2024-08-22,2,13088,0,1,Speeding,Dry,Rain,11.37,0.7,46.2,15.8,70208,6.17,1375,69.7,0,99.0,4.53,7.34,1.39,0,0.832,1
100236,CA,1667,2024-08-23,5,23946,4,0,Speeding,Wet,Snow,16.87,8.4,63.6,2.1,66213,3.44,9543,61.6,1,37.7,6.84,0.31,2.37,1,0.659,0
100237,TX,5189,2024-08-24,1,3874,4,0,Speeding,Ice,Rain,16.94,9.8,91.6,16.1,42367,2.94,9953,71.8,0,44.5,3.6,6.17,4.48,0,0.349,0
100238,NY,1672,2024-08-25,3,6930,1,0,Impaired,Snow,Rain,9.33,1.8,88.5,27.0,114026,2.17,5177,40.4,0,4.6,6.68,7.61,1.89,0,0.67,0
100239,IL,7778,2024-08-26,2,20350,1,0,Impaired,Snow,Clear,23.54,2.7,95.3,18.0,70362,10.74,9048,62.3,0,1.4,0.41,4.81,2.69,0,0.642,0
100240,IL,8571,2024-08-27,3,19965,4,0,Speeding,Wet,Clear,4.18,8.7,6.6,30.0,86588,4.36,2772,80.0,0,92.1,3.91,9.32,5.34,0,0.931,1
100241,FL,8957,2024-08-28,5,12470,4,0,Impaired,Snow,Snow,12.51,9.3,76.1,14.3,73285,4.12,4706,60.7,0,12.9,7.91,7.08,8.33,0,0.841,1
100242,TX,6125,2024-08-29,2,1129,4,0,Impaired,Dry,Clear,17.27,4.5,15.4,25.4,109755,9.36,1375,18.0,0,44.6,8.03,7.48,4.02,0,0.647,0
100243,TX,6586,2024-08-30,4,17153,1,0,Impaired,Ice,Clear,17.43,1.0,45.7,7.5,106846,5.2,4183,46.3,1,81.5,7.16,1.97,7.17,1,0.342,0
100244,FL,5778,2024-08-31,3,11331,4,0,Speeding,Dry,Clear,16.22,0.9,60.3,30.0,71307,7.06,9401,51.1,1,88.9,2.04,7.77,8.77,1,0.78,1
100245,FL,4901,2024-09-01,2,6224,4,0,Speeding,Dry,Snow,6.88,6.0,44.3,21.8,115280,3.63,2919,22.2,0,51.9,2.47,8.32,2.16,0,0.575,0
100246,FL,7678,2024-09-02,3,22781,3,0,Speeding,Snow,Fog,3.91,4.2,57.2,8.2,54867,11.6,1292,77.4,0,56.5,9.96,3.61,8.07,0,0.985,1
100247,NY,7982,2024-09-03,2,11583,0,0,Impaired,Dry,Clear,15.9,0.8,109.6,11.7,91523,10.52,8589,22.3,0,67.0,1.03,2.13,7.57,0,0.248,0
100248,TX,7377,2024-09-04,1,13649,2,0,Speeding,Snow,Clear,14.98,6.0,14.9,29.9,119161,10.64,1881,22.4,1,96.1,1.81,3.85,3.57,1,0.08,0
100249,NY,1524,2024-09-05,3,20316,0,0,Impaired,Ice,Snow,4.48,0.6,74.3,19.3,41378,6.07,1619,74.1,1,60.3,1.3,7.4,9.9,1,0.07,0
100250,FL,3394,2024-09-06,4,9972,3,0,Normal,Ice,Fog,17.63,8.0,43.6,8.6,119685,9.62,7296,42.6,1,55.9,3.28,4.18,2.63,1,0.64,0
100251,TX,3594,2024-09-07,4,6776,2,0,Impaired,Dry,Clear,11.38,3.4,14.6,38.7,111958,3.44,1968,14.4,0,1.5,2.1,7.37,2.55,0,0.939,1
100252,NY,8241,2024-09-08,5,16135,4,0,Distracted,Wet,Rain,16.69,0.9,17.5,28.6,62926,2.09,6466,51.9,0,8.1,4.98,1.14,7.72,0,0.002,0
100253,NY,7938,2024-09-09,2,6395,3,0,Speeding,Snow,Snow,20.93,6.1,104.4,38.3,48180,2.2,3282,52.1,1,57.7,4.76,8.06,4.35,1,0.726,1
100254,FL,7191,2024-09-10,3,14494,4,0,Speeding,Snow,Clear,4.24,4.3,96.8,17.1,71931,7.87,3808,14.5,0,93.6,9.02,2.53,3.31,0,0.657,0
100255,TX,6241,2024-09-11,5,23999,1,0,Distracted,Dry,Clear,0.48,9.8,99.8,19.0,59014,6.55,6047,78.1,0,86.7,0.35,2.49,1.79,0,0.732,1
100256,FL,7494,2024-09-12,3,23540,3,0,Impaired,Snow,Rain,19.48,5.7,109.1,35.9,114872,7.18,2405,48.1,0,98.3,3.2,5.9,7.65,0,0.355,0
100257,TX,3879,2024-09-13,2,11052,1,0,Normal,Snow,Rain,15.24,3.1,22.9,21.0,93502,2.07,9639,49.2,0,52.8,5.97,0.7,7.86,0,0.82,1
100258,IL,5144,2024-09-14,4,17459,3,0,Distracted,Wet,Snow,17.49,7.2,39.1,28.3,40470,6.23,1874,46.4,0,78.8,6.05,0.26,5.67,0,0.045,0
100259,CA,4645,2024-09-15,1,23913,3,0,Distracted,Wet,Snow,20.95,3.1,73.6,10.1,49953,9.18,7330,52.8,0,84.0,4.8,2.61,9.57,0,0.755,1
100260,CA,5433,2024-09-16,4,6599,1,0,Impaired,Dry,Rain,20.07,9.1,53.2,17.9,73507,6.43,4110,28.5,0,64.8,8.16,5.38,3.18,0,0.267,0
100261,CA,2277,2024-09-17,5,9999,2,0,Speeding,Wet,Snow,24.02,4.1,46.0,4.9,41523,9.32,5374,30.1,1,33.9,0.63,9.08,2.2,1,0.477,0
100262,FL,6812,2024-09-18,1,20076,0,0,Impaired,Dry,Rain,13.4,5.7,39.4,8.2,92190,4.33,454,45.8,0,47.0,8.15,8.46,6.77,0,0.823,1
100263,IL,1303,2024-09-19,5,3678,4,0,Distracted,Ice,Clear,12.21,1.0,65.3,0.0,82761,10.13,1771,66.5,0,85.8,4.95,4.9,7.58,0,0.271,0
100264,TX,1639,2024-09-20,2,22936,3,0,Distracted,Dry,Rain,10.05,4.5,63.3,1.6,66169,7.88,5366,13.5,0,29.9,1.34,0.37,2.25,0,0.185,0
100265,NY,1056,2024-09-21,1,19618,4,0,Speeding,Ice,Rain,3.84,8.4,17.8,39.1,80641,4.11,3895,52.2,0,92.4,8.86,5.35,0.77,0,0.681,0
100266,TX,9718,2024-09-22,5,6616,1,0,Speeding,Dry,Fog,14.32,8.2,51.9,9.7,57990,4.37,4260,66.5,0,23.0,6.49,7.05,8.11,0,0.533,0
100267,NY,9151,2024-09-23,2,16063,4,0,Speeding,Snow,Rain,6.93,2.6,60.9,26.5,64661,8.28,114,21.0,0,75.0,1.64,3.39,9.77,0,0.514,0
100268,TX,3126,2024-09-24,4,4068,1,0,Impaired,Wet,Rain,23.03,2.6,62.7,33.6,48419,10.3,9541,11.1,0,63.1,0.34,1.11,6.45,0,0.257,0
100269,IL,1365,2024-09-25,2,10347,4,0,Speeding,Ice,Fog,14.58,8.3,23.1,22.0,49457,6.16,6432,31.9,0,75.0,1.41,2.79,2.78,0,0.035,0
100270,NY,7810,2024-09-26,3,14635,0,0,Distracted,Dry,Snow,14.82,9.3,81.6,6.1,102600,4.58,9657,51.2,1,43.7,6.09,7.72,9.97,1,0.41,0
100271,FL,5622,2024-09-27,2,19087,0,0,Distracted,Wet,Fog,8.87,1.4,2.8,29.1,111102,10.67,1018,19.7,0,93.3,1.79,3.51,8.93,0,0.107,0
100272,TX,6127,2024-09-28,2,18274,0,0,Normal,Dry,Clear,1.3,4.8,39.0,24.0,68085,8.69,418,39.8,0,63.2,2.26,8.12,5.13,0,0.906,1
100273,TX,6123,2024-09-29,3,2242,0,0,Impaired,Wet,Fog,0.79,3.7,85.8,29.3,85654,6.48,8474,48.7,0,28.8,0.25,3.2,8.25,0,0.041,0
100274,NY,2647,2024-09-30,5,18809,0,0,Normal,Wet,Clear,10.58,8.8,62.0,30.8,41130,6.88,2292,51.9,1,63.8,7.23,1.64,8.16,1,0.432,0
100275,FL,1919,2024-10-01,5,1119,0,0,Distracted,Dry,Snow,2.11,1.3,28.7,39.0,37042,4.04,5052,29.2,0,28.7,8.1,4.36,9.35,0,0.052,0
100276,FL,3798,2024-10-02,2,18158,1,0,Normal,Ice,Fog,15.17,2.5,76.4,22.9,105134,8.27,3133,38.0,1,29.4,7.97,4.52,8.41,1,0.096,0
100277,IL,7507,2024-10-03,3,17840,3,0,Distracted,Ice,Fog,22.02,7.6,62.4,13.7,77982,5.59,8123,64.5,1,40.0,1.28,0.16,6.44,1,0.659,0
100278,FL,6871,2024-10-04,3,2439,4,1,Normal,Snow,Snow,22.07,1.0,87.6,25.9,100185,11.96,9162,75.9,1,85.2,9.03,1.17,6.09,1,0.647,0
100279,FL,2532,2024-10-05,4,20837,0,0,Speeding,Wet,Clear,16.48,5.2,80.9,2.7,68477,6.8,8930,70.3,1,50.0,6.72,1.85,4.67,1,0.033,0
100280,FL,9173,2024-10-06,5,16501,1,0,Normal,Snow,Fog,5.28,4.7,67.1,35.9,87709,6.86,1519,49.5,0,67.9,8.98,1.14,6.26,0,0.001,0
100281,CA,4346,2024-10-07,1,1468,1,0,Speeding,Snow,Clear,21.57,3.7,53.7,4.8,63716,7.66,4775,38.7,0,39.2,4.47,3.42,7.95,0,0.079,0
100282,IL,8674,2024-10-08,5,15346,1,0,Speeding,Dry,Fog,22.15,4.2,14.7,13.1,113137,11.17,4309,33.3,1,26.4,4.37,9.65,9.69,1,0.763,1
100283,TX,7950,2024-10-09,5,781,3,0,Impaired,Dry,Rain,4.92,5.5,28.7,32.6,71018,10.01,3672,18.7,0,95.5,7.85,5.09,4.67,0,0.585,0
100284,NY,7883,2024-10-10,4,15860,4,0,Speeding,Dry,Fog,18.44,2.0,46.1,23.9,43061,6.51,873,17.5,0,60.4,0.93,6.28,5.74,0,0.038,0
100285,TX,2907,2024-10-11,1,6762,3,0,Speeding,Wet,Snow,7.16,5.9,65.9,15.7,43609,9.19,3481,58.2,0,93.4,5.21,3.56,4.45,0,0.488,0
100286,IL,4087,2024-10-12,4,1558,2,0,Normal,Dry,Snow,20.07,8.2,56.5,18.9,70371,7.86,6578,28.2,0,20.3,8.36,3.23,6.68,0,0.712,1
100287,NY,9153,2024-10-13,1,21177,1,0,Distracted,Dry,Clear,24.93,7.7,31.7,34.2,118021,6.92,4201,27.8,1,14.7,8.3,0.23,6.3,1,0.869,1
100288,IL,6751,2024-10-14,2,11224,2,0,Impaired,Wet,Fog,0.75,2.0,0.7,13.6,55805,3.92,4263,79.9,0,85.6,9.56,5.0,0.18,0,0.934,1
100289,FL,9906,2024-10-15,1,5678,0,0,Speeding,Wet,Clear,22.43,1.9,54.6,34.8,42857,6.64,7470,23.2,0,68.1,6.98,4.84,5.41,0,0.327,0
100290,NY,2063,2024-10-16,4,7480,0,0,Impaired,Ice,Clear,15.57,3.0,31.4,3.5,46620,4.46,9039,20.4,1,18.7,2.08,1.58,0.88,1,0.136,0
100291,FL,2977,2024-10-17,5,9700,3,0,Normal,Dry,Rain,24.33,3.9,80.8,31.1,43177,11.15,829,16.9,1,26.9,0.2,7.64,0.26,1,0.237,0
100292,TX,2297,2024-10-18,1,1729,4,0,Speeding,Dry,Rain,11.63,4.4,2.6,33.9,65111,5.35,2942,50.6,0,80.1,4.79,4.93,7.91,0,0.776,1
100293,TX,7230,2024-10-19,1,21469,2,0,Normal,Dry,Snow,21.18,7.0,64.3,7.3,119181,11.52,5584,54.0,0,45.4,5.14,3.39,2.59,0,0.971,1
100294,NY,8642,2024-10-20,3,8967,4,0,Impaired,Ice,Clear,1.56,1.0,103.6,17.2,46826,7.33,3356,35.6,0,67.1,2.4,1.47,3.41,0,0.466,0
100295,NY,1126,2024-10-21,5,19624,3,0,Normal,Dry,Snow,8.38,0.8,19.2,6.6,48890,8.32,2952,47.5,0,31.8,1.25,5.52,0.64,0,0.305,0
100296,IL,5633,2024-10-22,2,2789,0,0,Impaired,Ice,Fog,1.68,4.2,51.9,28.3,117428,7.43,3768,65.2,0,38.1,5.86,7.53,1.8,0,0.429,0
100297,IL,7289,2024-10-23,4,1739,4,0,Normal,Snow,Clear,24.38,7.1,10.1,21.4,93031,3.29,71,67.3,0,99.1,7.64,2.82,7.66,0,0.305,0
100298,FL,4597,2024-10-24,2,5870,4,0,Impaired,Ice,Clear,20.42,2.3,68.8,25.4,110020,5.76,1550,77.1,0,24.8,9.93,2.19,4.94,0,0.256,0
100299,NY,7169,2024-10-25,5,16670,0,0,Distracted,Snow,Fog,21.31,6.6,60.6,7.9,40495,2.99,9084,67.7,0,50.6,7.58,5.22,8.81,0,0.594,0
100300,TX,8562,2024-10-26,1,625,2,0,Normal,Dry,Fog,23.45,3.0,44.8,8.5,63481,8.23,3691,49.5,0,84.4,7.94,1.55,3.97,0,0.016,0
100301,IL,9259,2024-10-27,1,13004,0,0,Normal,Snow,Snow,2.13,8.9,57.4,1.7,46267,6.47,5262,22.6,0,23.9,6.16,6.67,2.69,0,0.26,0
100302,IL,1233,2024-10-28,5,24357,4,0,Distracted,Ice,Snow,9.64,9.0,98.6,12.9,41743,9.78,241,17.0,0,41.5,9.86,6.05,3.48,0,0.661,0
100303,TX,7372,2024-10-29,1,15898,2,0,Distracted,Wet,Fog,1.78,3.3,21.6,22.4,89800,4.2,8637,13.8,0,61.5,6.4,0.87,7.13,0,0.032,0
100304,IL,5207,2024-10-30,1,22226,2,0,Normal,Snow,Snow,5.27,2.7,2.5,34.3,83773,3.65,7224,56.7,0,48.1,8.6,0.37,5.55,0,0.083,0
100305,FL,8944,2024-10-31,1,24235,0,0,Distracted,Snow,Fog,5.73,4.4,94.8,26.7,92042,6.06,5164,66.5,0,46.0,9.46,6.2,9.04,0,0.293,0
100306,NY,7892,2024-11-01,4,7138,4,0,Speeding,Dry,Clear,11.73,2.8,63.5,17.4,84476,11.27,4712,45.6,0,36.3,9.3,2.94,6.02,0,0.878,1
100307,TX,7739,2024-11-02,4,7070,3,0,Impaired,Ice,Clear,6.71,6.9,98.0,38.1,63552,9.1,4376,13.8,1,58.7,3.81,0.86,4.93,1,0.765,1
100308,NY,3473,2024-11-03,3,3749,4,0,Impaired,Snow,Rain,2.52,8.3,65.7,28.8,100242,6.19,9115,47.5,0,62.4,0.79,7.59,7.86,0,0.022,0
100309,IL,3740,2024-11-04,2,9610,1,0,Impaired,Snow,Clear,4.19,6.9,89.1,37.2,80772,7.17,4385,75.5,0,65.3,1.72,3.14,9.48,0,0.502,0
100310,IL,6402,2024-11-05,5,8095,3,0,Speeding,Snow,Fog,3.68,8.3,47.3,21.1,78730,2.84,8331,51.8,0,7.0,0.59,4.6,3.56,0,0.275,0
100311,TX,2762,2024-11-06,5,14105,2,0,Distracted,Snow,Snow,24.33,4.3,82.5,10.4,63948,11.85,8698,66.7,1,63.1,1.05,2.37,2.5,1,0.649,0
100312,FL,1877,2024-11-07,5,12615,3,0,Distracted,Wet,Rain,18.98,2.0,100.4,2.1,111311,8.66,9246,66.0,0,95.3,1.85,6.27,6.16,0,0.722,1
100313,CA,4813,2024-11-08,3,6794,2,0,Normal,Ice,Snow,24.19,7.5,62.9,29.0,104093,4.85,5544,75.2,0,54.1,3.41,3.01,4.99,0,0.863,1
100314,TX,2461,2024-11-09,4,23411,2,0,Distracted,Dry,Fog,10.99,3.9,19.9,4.9,104123,7.86,8586,63.9,0,71.5,5.44,9.68,9.89,0,0.475,0
100315,CA,2734,2024-11-10,3,6257,3,0,Normal,Dry,Clear,6.96,6.9,29.6,12.1,51535,3.09,2761,62.3,0,55.7,7.12,7.03,4.62,0,0.994,1
100316,CA,2606,2024-11-11,5,13095,2,0,Speeding,Wet,Rain,19.96,3.1,21.9,21.3,101490,11.66,7645,26.4,1,85.5,2.11,1.37,0.74,1,0.98,1
100317,FL,6623,2024-11-12,2,2469,2,0,Impaired,Ice,Fog,8.16,1.3,27.2,22.6,81562,3.75,6323,14.2,0,93.0,6.73,4.17,9.77,0,0.882,1
100318,CA,7768,2024-11-13,1,11485,1,0,Impaired,Snow,Rain,7.48,9.9,33.7,24.0,93535,8.48,6334,46.2,0,18.4,7.04,3.85,8.44,0,0.575,0
100319,CA,7987,2024-11-14,4,17775,4,0,Impaired,Wet,Rain,5.81,2.0,61.1,6.7,76269,4.45,9358,18.7,0,43.7,5.59,5.34,1.78,0,0.398,0
100320,FL,4518,2024-11-15,4,4970,4,0,Distracted,Ice,Clear,3.24,9.9,64.7,15.2,115674,9.18,8867,77.4,0,39.2,9.04,8.42,9.05,0,0.364,0
100321,CA,4736,2024-11-16,3,24059,1,1,Normal,Snow,Fog,6.41,9.8,46.9,24.7,77462,9.77,4044,30.3,0,40.5,1.11,5.83,3.41,0,0.012,0
100322,CA,9435,2024-11-17,4,10725,3,0,Normal,Wet,Snow,8.88,8.0,67.7,38.8,38127,8.73,1728,69.7,0,12.6,1.77,0.62,3.77,0,0.249,0
100323,CA,3591,2024-11-18,5,10056,0,0,Speeding,Ice,Rain,16.85,6.8,9.0,29.1,58147,8.14,8464,37.1,0,81.4,4.29,6.55,9.06,0,0.719,1
100324,TX,2064,2024-11-19,5,9706,0,0,Distracted,Dry,Rain,1.56,6.0,9.7,36.9,80528,10.92,793,32.6,0,3.6,1.27,0.08,5.3,0,0.604,0
100325,TX,5325,2024-11-20,3,10491,0,0,Speeding,Dry,Snow,5.26,8.7,18.9,30.5,112095,2.79,512,75.5,0,52.8,5.66,7.8,1.38,0,0.916,1
100326,TX,6343,2024-11-21,5,23696,1,0,Normal,Ice,Fog,20.23,3.2,57.0,23.7,103931,5.31,1618,35.4,1,66.2,3.98,6.67,3.69,1,0.05,0
100327,FL,1006,2024-11-22,2,8019,1,0,Normal,Dry,Rain,3.67,4.9,23.5,7.7,101381,4.48,1786,37.3,0,20.7,2.85,3.09,7.22,0,0.155,0
100328,IL,8490,2024-11-23,3,14169,2,0,Impaired,Ice,Rain,8.57,6.4,31.2,26.7,98749,11.88,7953,17.4,1,90.6,1.7,2.92,1.74,1,0.789,1
100329,CA,9660,2024-11-24,2,5112,0,0,Distracted,Snow,Rain,21.62,4.4,44.0,24.9,73672,5.89,7052,56.9,0,83.9,3.35,7.98,5.9,0,0.359,0
100330,CA,9196,2024-11-25,1,12873,3,0,Normal,Ice,Fog,3.87,4.6,89.3,24.1,48731,9.33,8906,30.2,1,47.1,6.08,7.83,6.95,1,0.118,0
100331,FL,6967,2024-11-26,2,18082,3,0,Impaired,Snow,Fog,2.07,3.6,1.5,19.6,89512,8.85,1406,51.0,0,41.1,5.76,3.52,3.44,0,0.996,1
100332,CA,9838,2024-11-27,1,16052,0,0,Distracted,Wet,Snow,12.11,5.9,71.4,21.1,86024,4.12,1064,51.4,0,23.7,1.64,2.99,6.94,0,0.787,1
100333,TX,1118,2024-11-28,1,15146,0,0,Speeding,Ice,Fog,7.56,8.6,73.6,13.4,38832,4.39,1104,60.3,1,73.0,1.25,5.6,8.84,1,0.409,0
100334,IL,3552,2024-11-29,2,5738,0,0,Distracted,Wet,Fog,14.09,2.4,87.9,20.8,67332,4.81,1814,62.2,0,13.2,0.27,0.08,4.72,0,0.823,1
100335,NY,6561,2024-11-30,3,16077,1,0,Distracted,Dry,Clear,20.1,9.4,102.6,7.9,47467,6.11,6059,46.0,0,68.0,0.12,0.83,3.83,0,0.681,0
100336,CA,5290,2024-12-01,5,22973,1,0,Normal,Snow,Snow,3.43,7.0,2.2,32.2,76025,4.34,4508,33.2,0,84.2,8.8,1.26,2.51,0,0.79,1
100337,TX,1847,2024-12-02,5,23141,1,0,Normal,Ice,Rain,14.52,8.3,16.9,7.4,48107,2.2,9654,68.6,0,22.8,0.45,1.85,6.04,0,0.815,1
100338,NY,7317,2024-12-03,1,16004,4,0,Distracted,Wet,Fog,12.64,5.8,97.5,3.4,112994,10.79,717,31.7,0,86.6,7.31,5.12,8.8,0,0.085,0
100339,IL,7470,2024-12-04,1,24589,3,0,Normal,Snow,Rain,3.6,7.9,50.4,17.4,78481,11.66,3420,45.5,0,3.3,8.72,9.92,3.25,0,0.623,0
100340,NY,9916,2024-12-05,3,4219,3,0,Normal,Snow,Rain,15.6,0.7,62.1,26.3,37581,5.42,6026,38.1,0,91.3,0.98,6.53,3.96,0,0.007,0
100341,TX,1225,2024-12-06,4,802,2,0,Normal,Dry,Clear,6.84,8.3,72.9,17.5,110118,5.39,1444,69.9,0,11.8,4.36,0.61,4.07,0,0.043,0
100342,NY,5209,2024-12-07,2,12644,1,0,Impaired,Dry,Fog,12.2,0.9,74.7,11.1,86638,2.07,8340,40.2,0,64.6,9.62,5.26,5.61,0,0.904,1
100343,FL,7284,2024-12-08,1,17870,4,0,Impaired,Snow,Snow,2.06,9.0,102.5,22.3,43418,8.8,4120,37.0,0,25.0,8.34,4.97,2.28,0,0.528,0
100344,NY,3049,2024-12-09,5,10555,4,0,Distracted,Snow,Fog,11.49,9.9,109.7,13.9,64113,10.25,7032,58.3,0,83.7,4.9,1.44,8.22,0,0.736,1
100345,CA,7234,2024-12-10,3,4940,3,0,Normal,Ice,Rain,7.66,3.3,79.2,37.3,119363,3.47,8663,52.2,1,51.2,7.63,9.2,2.96,1,0.839,1
100346,CA,2829,2024-12-11,2,21793,1,0,Impaired,Snow,Snow,20.56,2.5,31.6,36.9,98044,3.6,5649,17.5,0,13.5,8.33,4.41,7.05,0,0.95,1
100347,FL,2918,2024-12-12,3,3572,2,0,Distracted,Ice,Fog,1.42,7.8,96.8,20.1,114955,9.9,3700,45.6,0,57.1,3.48,9.95,5.13,0,0.869,1
100348,TX,5235,2024-12-13,2,14098,1,0,Normal,Snow,Rain,10.47,2.9,5.4,13.1,96030,8.16,9374,61.5,0,40.8,8.92,4.2,5.86,0,0.483,0
100349,CA,7989,2024-12-14,2,14787,0,1,Speeding,Dry,Rain,11.46,8.7,25.4,29.5,46814,2.45,9944,79.4,0,66.1,4.7,6.08,1.8,0,0.336,0
100350,IL,3027,2024-12-15,1,14465,1,0,Normal,Ice,Clear,18.13,1.5,98.7,1.5,45024,8.23,3670,54.0,0,88.2,5.28,1.05,7.35,0,0.154,0
100351,CA,4745,2024-12-16,3,20008,0,0,Normal,Wet,Clear,14.36,1.7,28.2,19.0,98288,5.09,3240,35.9,0,40.9,10.0,4.54,1.89,0,0.4,0
100352,CA,1010,2024-12-17,3,10019,0,0,Impaired,Dry,Clear,16.68,9.8,24.3,13.5,92836,5.69,8839,25.8,0,29.0,8.43,2.39,1.13,0,0.366,0
100353,TX,1261,2024-12-18,5,13880,2,0,Distracted,Ice,Rain,19.43,6.9,15.2,36.8,42435,9.7,441,71.1,0,1.5,3.62,8.36,5.47,0,0.56,0
100354,NY,7039,2024-12-19,5,12365,3,0,Distracted,Ice,Fog,21.56,8.5,94.5,0.5,102084,10.11,1125,67.0,0,57.5,0.1,7.84,7.09,0,0.666,0
100355,CA,3220,2024-12-20,1,8625,1,0,Impaired,Wet,Clear,7.85,3.6,55.0,22.1,105601,6.0,2700,26.4,0,40.2,6.26,8.24,0.5,0,0.978,1
100356,FL,8042,2024-12-21,1,3791,0,0,Normal,Ice,Fog,13.45,6.9,74.2,29.6,38407,11.47,2434,24.0,0,37.5,7.04,7.24,0.69,0,0.728,1
100357,NY,3061,2024-12-22,4,4533,1,0,Speeding,Snow,Clear,21.0,6.1,26.3,19.4,67940,6.06,859,60.1,0,18.3,6.51,8.33,8.03,0,0.644,0
100358,IL,6288,2024-12-23,5,5605,3,0,Normal,Wet,Snow,24.74,6.2,83.4,3.4,40666,9.72,8097,32.0,1,43.0,9.68,2.01,8.09,1,0.335,0
100359,TX,2620,2024-12-24,2,17587,3,0,Normal,Dry,Snow,22.24,7.0,83.6,38.9,72122,6.84,5551,31.4,0,98.4,8.63,4.52,2.45,0,0.035,0
100360,IL,9513,2024-12-25,3,8633,4,0,Speeding,Dry,Clear,9.29,6.0,34.4,20.7,60092,10.98,6945,20.7,0,29.8,4.49,6.92,6.15,0,0.288,0
100361,NY,2343,2024-12-26,1,17458,3,0,Impaired,Snow,Rain,4.88,4.6,45.2,24.6,110645,11.08,1209,28.5,0,60.0,0.63,6.37,4.43,0,0.768,1
100362,NY,3833,2024-12-27,3,6204,2,0,Distracted,Dry,Clear,12.23,3.1,23.1,9.5,61505,2.87,7624,39.9,0,77.6,4.76,7.16,6.33,0,0.205,0
100363,NY,3825,2024-12-28,3,8348,0,0,Impaired,Ice,Clear,18.54,7.8,107.4,19.3,71713,11.36,1581,61.3,0,74.9,6.89,2.24,8.63,0,0.712,1
100364,IL,2995,2024-12-29,4,22092,4,0,Impaired,Ice,Rain,12.31,2.6,71.0,17.2,89387,10.26,5531,33.5,0,32.9,6.08,0.98,0.8,0,0.58,0
100365,NY,4491,2024-12-30,5,13475,2,0,Normal,Snow,Snow,12.08,7.1,102.8,3.0,78169,9.91,7598,33.0,0,61.1,5.38,9.17,7.78,0,0.172,0
100366,IL,8985,2024-12-31,1,7424,1,0,Distracted,Dry,Fog,20.96,2.7,33.4,4.2,108282,4.01,5026,29.9,0,87.1,4.69,5.6,4.93,0,0.262,0
100367,NY,2605,2025-01-01,3,20712,0,0,Distracted,Dry,Clear,9.04,6.4,86.0,33.5,112511,10.05,5745,43.5,0,1.5,2.94,1.54,5.64,0,0.496,0
100368,FL,1236,2025-01-02,1,20114,3,0,Impaired,Snow,Rain,21.49,7.6,84.2,9.6,86742,10.5,8495,22.6,0,43.6,2.77,7.93,6.54,0,0.418,0
100369,NY,2909,2025-01-03,2,988,0,0,Speeding,Wet,Clear,10.17,2.6,76.1,7.8,75522,4.89,3598,44.0,0,22.4,5.0,9.15,9.23,0,0.779,1
100370,IL,9568,2025-01-04,4,7614,1,0,Impaired,Dry,Rain,8.21,1.1,106.2,20.2,116132,11.52,6213,59.3,0,38.9,1.61,1.7,0.57,0,0.734,1
100371,CA,4531,2025-01-05,2,16240,4,0,Speeding,Wet,Fog,11.35,1.7,43.3,30.7,38880,2.5,6721,12.1,0,41.6,3.41,8.17,0.29,0,0.575,0
100372,NY,6257,2025-01-06,1,3673,4,0,Distracted,Dry,Fog,19.06,6.3,14.4,2.5,78454,3.5,5314,10.7,0,74.7,3.24,9.33,1.78,0,0.822,1
100373,CA,3636,2025-01-07,1,2167,4,0,Impaired,Dry,Snow,3.15,8.6,73.9,23.1,90711,7.38,1281,15.3,0,9.4,5.87,9.38,9.86,0,0.563,0
100374,FL,9163,2025-01-08,5,4614,3,0,Normal,Dry,Rain,4.91,0.9,80.2,4.8,78539,7.76,2473,47.5,1,51.3,0.67,9.14,7.15,1,0.964,1
100375,TX,3561,2025-01-09,3,4053,2,0,Impaired,Dry,Rain,23.79,7.5,63.3,1.5,103321,8.45,8121,69.8,0,56.4,8.3,5.46,6.15,0,0.217,0
100376,FL,6416,2025-01-10,3,8261,2,0,Distracted,Ice,Snow,4.39,3.7,22.7,2.1,49799,2.17,4311,10.3,0,49.4,5.62,3.56,0.47,0,0.714,1
100377,NY,4392,2025-01-11,2,1500,0,0,Normal,Wet,Snow,14.19,5.0,55.5,33.4,95102,11.6,9815,75.6,0,73.2,6.71,0.07,8.79,0,0.37,0
100378,CA,6952,2025-01-12,4,16138,3,0,Normal,Wet,Rain,14.48,9.3,34.3,4.7,85726,2.45,2958,17.4,1,38.4,7.03,0.61,8.13,1,0.279,0
100379,CA,6469,2025-01-13,3,18272,4,0,Speeding,Dry,Snow,12.24,3.7,47.0,1.8,83784,3.43,4762,68.9,0,94.5,2.91,4.29,6.65,0,0.18,0
100380,IL,9008,2025-01-14,5,5950,4,0,Normal,Dry,Fog,16.12,4.9,71.0,17.5,78333,2.14,6805,43.8,0,48.2,4.7,3.99,3.39,0,0.553,0
100381,CA,7414,2025-01-15,2,4212,1,0,Normal,Wet,Clear,5.75,0.6,82.0,33.8,75828,7.67,9867,56.2,0,57.1,9.56,1.85,0.71,0,0.215,0
100382,IL,7942,2025-01-16,2,1867,1,0,Impaired,Ice,Fog,13.82,1.3,25.5,10.5,104526,11.32,3933,45.7,0,82.6,7.67,3.95,5.8,0,0.2,0
100383,TX,5821,2025-01-17,5,8689,4,0,Distracted,Snow,Snow,9.3,3.0,44.6,16.9,89362,8.66,3565,43.4,0,27.5,9.7,1.75,7.2,0,0.991,1
100384,NY,3899,2025-01-18,4,9513,4,0,Speeding,Snow,Rain,16.54,0.8,29.6,1.6,88997,10.23,3453,68.4,0,7.5,7.46,8.49,0.94,0,0.802,1
100385,IL,8547,2025-01-19,5,17338,3,0,Impaired,Wet,Rain,3.53,6.5,21.8,18.0,85341,2.13,4648,62.9,0,70.8,1.76,2.98,6.34,0,0.748,1
100386,TX,1078,2025-01-20,4,19656,2,0,Normal,Dry,Fog,14.27,4.6,86.2,23.1,54073,7.42,5058,43.8,0,48.3,0.65,5.99,2.86,0,0.794,1
100387,CA,8578,2025-01-21,5,4226,1,0,Normal,Dry,Rain,4.63,5.7,100.0,22.8,49549,6.6,6272,17.8,1,89.7,5.78,5.03,7.64,1,0.969,1
100388,CA,5228,2025-01-22,5,24116,2,0,Speeding,Ice,Snow,6.97,2.2,40.7,13.3,118795,6.99,4059,18.1,0,98.3,3.58,0.52,5.4,0,0.573,0
100389,TX,1601,2025-01-23,1,5306,3,0,Distracted,Snow,Fog,5.47,3.3,82.6,12.6,91920,2.72,2785,66.1,0,39.9,2.75,9.42,1.29,0,0.22,0
100390,CA,2066,2025-01-24,2,2690,4,0,Speeding,Ice,Rain,4.57,6.8,98.7,4.3,110515,8.84,4541,47.1,0,41.5,8.07,5.27,5.27,0,0.862,1
100391,TX,3137,2025-01-25,5,9608,2,0,Impaired,Snow,Clear,20.64,9.7,93.1,14.7,55316,7.03,8643,43.7,0,40.8,3.67,3.25,3.96,0,0.743,1
100392,IL,7944,2025-01-26,5,12678,4,0,Speeding,Wet,Clear,7.14,1.0,20.1,4.0,61183,9.65,1024,57.6,0,32.5,3.17,1.58,1.8,0,0.414,0
100393,IL,8805,2025-01-27,3,3375,4,0,Normal,Snow,Snow,23.18,9.0,105.2,30.7,59624,6.85,273,70.1,0,78.2,8.5,3.39,8.42,0,0.474,0
100394,TX,7566,2025-01-28,2,6092,0,0,Impaired,Ice,Rain,24.25,6.0,41.4,38.7,97515,3.49,4663,54.0,0,75.9,8.46,0.21,0.11,0,0.411,0
100395,IL,6985,2025-01-29,3,18324,2,0,Normal,Ice,Snow,14.28,5.9,37.3,38.8,81705,8.48,6827,63.4,0,47.9,3.56,3.64,3.12,0,0.93,1
100396,IL,6143,2025-01-30,2,13092,2,0,Distracted,Ice,Fog,3.58,5.3,6.9,34.6,61756,3.72,8477,63.6,0,4.5,8.32,5.31,0.13,0,0.344,0
100397,IL,5671,2025-01-31,3,9427,4,0,Normal,Wet,Clear,9.36,1.2,53.5,24.0,95390,10.72,4261,34.9,0,31.0,8.51,8.72,0.96,0,0.963,1
100398,FL,3191,2025-02-01,5,22943,3,0,Normal,Snow,Fog,19.94,1.4,12.0,28.0,103369,8.13,275,29.2,0,29.2,4.24,6.87,2.97,0,0.91,1
100399,NY,3713,2025-02-02,5,14937,0,0,Speeding,Snow,Rain,9.18,6.2,27.3,11.4,105821,3.57,8233,66.1,0,81.1,0.66,1.12,0.54,0,0.631,0
100400,CA,3193,2025-02-03,1,12030,4,0,Normal,Ice,Snow,2.18,3.7,34.9,25.2,44589,11.62,4327,36.4,0,8.8,0.02,1.48,5.97,0,0.58,0
100401,FL,2249,2025-02-04,3,7510,1,0,Impaired,Snow,Snow,13.92,9.2,89.0,18.2,49116,7.18,1391,73.2,0,80.6,5.23,4.28,0.87,0,0.37,0
100402,IL,5034,2025-02-05,4,11707,1,0,Impaired,Dry,Snow,21.13,4.4,96.3,19.3,108181,2.73,4086,14.9,0,66.9,3.44,1.96,7.02,0,0.018,0
100403,TX,2998,2025-02-06,1,24001,0,0,Distracted,Dry,Fog,19.9,1.9,33.3,30.3,79786,8.27,8451,14.1,0,73.2,9.97,0.28,0.53,0,0.128,0
100404,IL,4688,2025-02-07,3,3489,3,0,Impaired,Dry,Clear,4.38,7.3,94.5,11.3,111425,4.53,3777,74.9,0,43.2,7.72,8.05,0.59,0,0.754,1
100405,NY,5019,2025-02-08,3,12540,4,0,Speeding,Snow,Fog,16.82,3.3,94.3,12.7,65286,10.04,3978,55.4,0,68.0,7.61,0.2,3.05,0,0.472,0
100406,IL,2971,2025-02-09,1,9718,2,0,Distracted,Wet,Fog,5.51,5.5,84.1,37.0,50994,10.18,2853,36.6,0,60.9,9.55,8.31,8.97,0,0.15,0
100407,TX,9390,2025-02-10,5,23112,0,0,Impaired,Wet,Rain,5.46,7.1,16.1,2.2,61639,11.79,9351,62.9,1,76.9,8.88,1.44,6.41,1,0.264,0
100408,NY,6766,2025-02-11,3,6971,3,0,Speeding,Wet,Rain,21.85,9.1,75.9,19.4,52205,7.02,6608,57.1,0,44.7,3.18,9.75,7.7,0,0.948,1
100409,IL,2203,2025-02-12,5,3363,2,0,Impaired,Wet,Rain,6.24,8.0,104.0,36.5,91677,6.55,443,47.2,0,47.3,1.66,6.04,1.42,0,0.367,0
100410,NY,9136,2025-02-13,1,11193,1,0,Impaired,Dry,Clear,6.58,6.9,75.1,24.4,67930,9.53,6889,16.9,0,64.4,7.46,7.35,8.34,0,0.908,1
100411,CA,6568,2025-02-14,5,1677,1,0,Normal,Dry,Clear,0.02,7.0,36.5,21.9,108313,3.32,9085,66.9,0,10.8,3.78,1.1,0.08,0,0.305,0
100412,CA,8668,2025-02-15,2,5260,2,0,Impaired,Ice,Rain,21.77,9.5,55.1,10.0,53316,7.47,9766,70.6,0,43.6,4.73,8.62,2.13,0,0.543,0
100413,IL,6743,2025-02-16,4,511,0,0,Impaired,Snow,Rain,19.81,3.3,71.0,13.7,62304,7.46,8845,22.1,0,97.2,6.3,8.39,6.16,0,0.02,0
100414,NY,6789,2025-02-17,3,22136,1,0,Speeding,Snow,Clear,15.68,0.5,56.2,34.1,48403,2.89,631,69.5,0,3.8,9.08,6.53,3.75,0,0.522,0
100415,TX,6409,2025-02-18,4,16853,4,0,Speeding,Wet,Snow,18.76,3.1,13.2,22.4,115052,6.18,182,71.4,0,31.6,4.19,5.02,9.84,0,0.637,0
100416,IL,9670,2025-02-19,5,21283,2,0,Normal,Dry,Clear,3.8,2.6,34.3,20.6,119627,10.53,2888,48.5,0,31.4,7.83,7.21,0.3,0,0.234,0
100417,CA,1923,2025-02-20,3,12056,2,0,Impaired,Wet,Clear,11.46,6.8,88.3,4.0,108495,10.56,3435,55.9,0,63.3,2.68,0.06,9.99,0,0.579,0
100418,CA,1420,2025-02-21,5,12063,1,0,Normal,Ice,Clear,8.78,6.5,94.8,0.6,66932,2.99,3820,36.8,0,10.6,6.98,5.92,6.24,0,0.647,0
100419,IL,3205,2025-02-22,2,14551,0,0,Impaired,Snow,Rain,2.34,6.1,15.1,38.5,71701,2.91,2318,29.7,0,62.9,0.02,8.47,5.59,0,0.687,0
100420,NY,2121,2025-02-23,1,11522,4,0,Distracted,Snow,Snow,12.15,0.7,104.8,15.1,38385,4.63,1025,60.5,1,9.5,8.72,3.57,0.6,1,0.776,1
100421,CA,1951,2025-02-24,3,8734,0,0,Distracted,Wet,Clear,23.02,7.4,36.2,24.1,92241,10.75,7655,70.3,0,9.5,0.3,1.08,2.73,0,0.311,0
100422,NY,3337,2025-02-25,2,22329,3,0,Normal,Ice,Rain,1.0,3.6,72.9,3.2,45367,3.29,7263,55.8,0,72.8,7.13,4.21,9.25,0,0.568,0
100423,CA,6374,2025-02-26,2,16673,3,0,Normal,Snow,Fog,7.29,6.8,82.7,27.3,100030,9.2,9785,45.8,0,32.4,0.46,7.27,3.54,0,0.982,1
100424,CA,3244,2025-02-27,3,13678,1,0,Normal,Ice,Fog,5.19,5.8,89.3,37.3,81505,3.01,2885,21.1,0,97.7,2.66,1.07,6.62,0,0.898,1
100425,FL,3646,2025-02-28,5,7070,1,0,Speeding,Ice,Clear,5.95,3.8,104.0,23.0,68332,8.23,2788,13.7,1,3.7,4.97,2.06,9.99,1,0.953,1
100426,CA,5613,2025-03-01,2,906,1,0,Speeding,Wet,Fog,22.71,1.8,34.4,5.0,111325,5.56,9599,41.2,1,44.5,4.2,1.48,2.63,1,0.386,0
100427,TX,2866,2025-03-02,4,9706,3,0,Speeding,Dry,Snow,11.7,1.4,94.4,23.3,70268,9.89,4184,13.5,0,11.3,1.92,7.97,5.76,0,0.787,1
100428,IL,7029,2025-03-03,2,4931,0,0,Normal,Wet,Fog,11.66,8.4,14.5,30.7,60563,4.34,9558,49.9,1,35.1,3.34,0.63,6.96,1,0.62,0
100429,IL,8327,2025-03-04,5,22127,0,0,Impaired,Dry,Fog,19.01,9.2,77.6,16.3,71404,8.39,6883,36.8,0,99.8,7.28,6.87,1.65,0,0.083,0
100430,NY,7372,2025-03-05,5,7042,1,0,Distracted,Ice,Snow,3.86,6.7,81.6,35.2,90182,4.36,8403,63.0,0,88.9,6.69,3.66,1.49,0,0.824,1
100431,CA,7360,2025-03-06,4,23820,4,0,Normal,Dry,Clear,12.18,1.5,74.5,25.9,67991,9.14,1959,31.4,1,4.8,0.72,7.56,4.56,1,0.677,0
100432,TX,8864,2025-03-07,2,9406,0,0,Speeding,Ice,Clear,10.75,4.3,27.8,36.0,82663,10.74,9369,51.5,0,56.3,7.47,9.64,3.86,0,0.199,0
100433,NY,4229,2025-03-08,5,4646,3,0,Speeding,Snow,Snow,14.92,7.4,96.0,24.9,100886,3.27,9900,47.6,0,64.8,0.53,1.15,7.14,0,0.08,0
100434,FL,4720,2025-03-09,3,12546,2,0,Normal,Snow,Snow,24.99,7.9,18.6,5.3,118848,10.67,2013,10.3,0,21.0,5.43,3.14,0.7,0,0.837,1
100435,NY,3372,2025-03-10,1,13111,2,0,Normal,Snow,Snow,19.24,1.6,5.9,12.4,59127,7.94,5203,15.1,1,14.5,2.6,8.1,9.72,1,0.079,0
100436,NY,3892,2025-03-11,1,13576,2,0,Speeding,Wet,Fog,9.95,0.5,78.9,8.1,92692,3.27,1016,30.3,0,90.4,5.88,2.66,0.14,0,0.091,0
100437,CA,4757,2025-03-12,1,17024,4,0,Impaired,Wet,Snow,20.69,7.3,52.3,36.4,72500,6.28,939,71.8,1,96.9,2.61,2.15,6.01,1,0.427,0
100438,FL,5226,2025-03-13,2,5382,1,0,Speeding,Ice,Rain,4.27,3.9,93.4,30.4,68785,3.61,3111,20.3,0,99.2,9.85,8.25,5.63,0,0.135,0
100439,NY,1095,2025-03-14,4,14613,3,0,Speeding,Snow,Fog,0.76,2.9,42.2,27.1,119146,9.0,6511,59.8,0,79.0,3.1,9.87,1.35,0,0.914,1
100440,TX,3675,2025-03-15,5,14145,4,0,Normal,Wet,Clear,5.11,0.6,18.5,12.0,82997,9.59,6216,78.1,1,66.4,2.42,5.57,1.51,1,0.47,0
100441,TX,7899,2025-03-16,3,6512,3,0,Impaired,Snow,Clear,8.51,5.6,92.0,7.4,42170,3.06,7017,65.3,0,34.6,2.78,2.78,7.93,0,0.569,0
100442,IL,1794,2025-03-17,3,17847,3,0,Speeding,Wet,Clear,12.76,8.6,60.4,30.3,48303,7.06,9908,27.0,1,17.1,8.96,3.99,8.88,1,0.928,1
100443,FL,3117,2025-03-18,2,7651,1,1,Speeding,Dry,Fog,15.38,9.6,20.8,19.0,106743,10.15,8151,73.6,0,7.9,6.36,1.7,2.83,0,0.53,0
100444,FL,6780,2025-03-19,1,4110,2,0,Distracted,Dry,Rain,22.77,5.9,79.2,9.0,112852,11.36,7429,16.5,0,69.3,7.31,7.62,4.38,0,0.354,0
100445,IL,7167,2025-03-20,2,10384,1,0,Normal,Snow,Snow,12.75,5.4,56.2,24.7,70187,7.14,9683,42.8,0,78.5,9.18,7.73,3.55,0,0.797,1
100446,NY,1815,2025-03-21,4,7394,4,0,Distracted,Ice,Snow,12.53,1.3,66.5,1.6,100034,11.5,7330,72.1,0,82.6,9.12,8.75,0.73,0,0.443,0
100447,FL,1346,2025-03-22,4,13967,4,0,Distracted,Wet,Clear,1.26,5.7,50.7,13.0,106776,7.36,1117,54.9,0,91.4,7.39,0.27,6.73,0,0.318,0
100448,TX,9555,2025-03-23,5,24195,4,0,Speeding,Wet,Clear,0.87,4.1,91.2,18.7,36893,5.94,4273,39.0,1,88.0,1.98,5.62,8.25,1,0.723,1
100449,TX,3444,2025-03-24,5,16989,1,0,Normal,Dry,Fog,13.78,6.3,91.3,5.9,48753,10.48,9068,30.5,1,100.0,8.43,2.14,3.05,1,0.802,1
100450,CA,8784,2025-03-25,4,22423,3,0,Impaired,Dry,Rain,10.95,4.2,78.0,39.4,73090,6.93,4657,36.3,0,24.4,2.04,3.41,9.9,0,0.792,1
100451,FL,1985,2025-03-26,4,10373,3,0,Speeding,Ice,Snow,20.98,2.8,11.6,8.4,99922,6.72,4035,45.6,1,76.3,7.43,7.85,0.76,1,0.978,1
100452,NY,8791,2025-03-27,4,12789,0,0,Impaired,Ice,Fog,4.02,1.4,92.3,5.2,111768,6.9,3229,32.3,1,58.6,6.86,1.92,6.62,1,0.787,1
100453,IL,1828,2025-03-28,2,12708,4,0,Impaired,Ice,Snow,0.62,3.5,73.8,8.1,94412,10.47,4588,77.8,0,26.1,7.59,6.38,4.48,0,0.77,1
100454,IL,4532,2025-03-29,4,11328,3,0,Normal,Snow,Clear,11.23,1.4,76.7,30.8,91030,10.32,2412,75.3,0,98.2,5.33,6.55,4.47,0,0.857,1
100455,NY,8148,2025-03-30,3,23671,0,0,Distracted,Dry,Snow,5.94,2.2,39.9,17.0,52509,6.04,2274,70.9,1,89.8,6.39,9.54,4.58,1,0.0,0
100456,CA,5452,2025-03-31,1,2637,3,0,Normal,Snow,Rain,1.24,9.9,96.7,22.6,103653,5.33,6421,39.5,0,12.9,9.53,7.75,2.59,0,0.362,0
100457,IL,4877,2025-04-01,4,21329,4,0,Impaired,Dry,Rain,18.11,4.7,79.8,0.8,71929,6.92,1776,58.4,1,2.6,1.01,8.04,7.16,1,0.738,1
100458,FL,6960,2025-04-02,1,20414,2,0,Speeding,Dry,Clear,2.79,5.6,12.4,1.4,83291,7.73,5841,73.2,1,68.8,3.09,5.32,7.22,1,0.6,0
100459,CA,1127,2025-04-03,2,1786,4,0,Impaired,Wet,Rain,15.21,8.8,44.9,17.8,39042,4.38,8123,69.5,1,60.4,6.11,1.87,2.82,1,0.178,0
100460,FL,4178,2025-04-04,1,16210,1,0,Speeding,Dry,Rain,7.03,10.0,97.5,32.7,97574,9.94,8508,39.0,0,93.6,9.64,4.26,8.35,0,0.304,0
100461,TX,9796,2025-04-05,2,11871,3,0,Speeding,Dry,Fog,4.34,6.0,5.2,35.4,72201,6.86,7063,17.9,0,23.4,0.96,5.49,3.17,0,0.337,0
100462,CA,7025,2025-04-06,3,16445,3,0,Normal,Snow,Snow,9.49,8.2,105.8,3.5,49016,5.34,887,15.3,0,8.4,0.23,6.78,7.25,0,0.568,0
100463,IL,6110,2025-04-07,2,7552,1,0,Impaired,Dry,Clear,20.04,3.6,74.7,21.5,60022,3.07,4634,50.4,0,25.9,0.56,6.08,1.21,0,0.832,1
100464,CA,5147,2025-04-08,2,4154,1,0,Distracted,Snow,Clear,9.8,3.4,69.5,36.5,62938,4.39,736,55.0,0,1.9,0.52,3.94,1.69,0,0.932,1
100465,CA,8197,2025-04-09,5,23986,2,0,Impaired,Ice,Clear,18.77,4.3,29.8,15.5,78678,11.49,406,69.5,0,3.6,9.08,2.65,3.16,0,0.75,1
100466,CA,4369,2025-04-10,4,19243,3,0,Impaired,Dry,Clear,3.14,6.9,27.4,33.2,96720,5.05,9113,30.5,0,91.5,7.21,1.68,5.94,0,0.843,1
100467,CA,4798,2025-04-11,4,16100,3,1,Distracted,Dry,Clear,19.32,7.0,103.6,5.3,91805,3.69,4697,21.7,1,35.2,6.77,6.94,6.46,1,0.47,0
100468,FL,2793,2025-04-12,3,24989,2,0,Normal,Snow,Rain,5.92,3.5,32.8,37.4,109323,6.61,4468,36.5,0,41.1,5.23,6.45,3.96,0,0.39,0
100469,TX,6733,2025-04-13,3,9136,0,0,Impaired,Ice,Fog,16.93,1.8,85.3,30.1,36986,5.07,6692,34.8,0,1.8,7.82,6.87,0.78,0,0.393,0
100470,NY,4477,2025-04-14,4,6941,2,0,Impaired,Wet,Clear,14.14,6.5,43.2,37.7,111478,2.35,3441,19.3,0,27.1,1.56,3.73,3.74,0,0.616,0
100471,CA,4418,2025-04-15,5,21931,4,0,Speeding,Ice,Fog,23.23,1.7,15.3,27.1,117994,5.23,4407,57.1,0,80.5,3.92,2.62,6.89,0,0.124,0
100472,IL,2646,2025-04-16,4,22087,3,0,Impaired,Snow,Fog,9.68,6.0,1.2,14.5,47161,7.44,4929,45.6,0,61.5,4.9,7.6,6.71,0,0.579,0
100473,CA,4031,2025-04-17,5,10167,1,0,Distracted,Ice,Rain,1.65,7.1,59.9,37.5,55689,7.52,5369,60.5,0,75.4,1.1,7.74,1.6,0,0.665,0
100474,IL,3873,2025-04-18,3,12649,4,0,Speeding,Snow,Clear,0.48,7.2,107.3,11.0,95924,5.57,2789,34.7,0,44.7,4.2,4.56,0.08,0,0.439,0
100475,FL,4073,2025-04-19,1,2298,3,0,Normal,Snow,Rain,20.67,7.7,40.6,13.3,109308,6.47,9560,32.8,0,31.0,3.17,6.12,7.53,0,0.953,1
100476,IL,2855,2025-04-20,3,10100,2,0,Speeding,Wet,Clear,13.12,8.8,39.3,28.0,98745,11.66,9777,43.1,0,48.3,0.36,3.74,1.06,0,0.608,0
100477,NY,5022,2025-04-21,3,22175,4,0,Distracted,Dry,Rain,19.38,5.2,37.9,30.6,36211,5.77,4834,71.4,1,32.3,1.37,7.02,0.82,1,0.22,0
100478,TX,5663,2025-04-22,2,5995,3,0,Distracted,Snow,Fog,5.86,7.4,57.3,37.2,35229,4.58,927,12.8,1,83.9,7.64,8.36,0.03,1,0.479,0
100479,IL,7515,2025-04-23,2,10400,0,0,Speeding,Snow,Clear,8.63,6.4,48.5,8.2,83542,4.43,2920,66.3,1,29.8,0.18,6.88,4.33,1,0.675,0
100480,IL,6032,2025-04-24,2,14173,0,0,Normal,Wet,Snow,0.75,2.3,96.8,31.9,49345,6.58,342,35.8,1,66.0,9.34,5.13,5.03,1,0.324,0
100481,TX,3709,2025-04-25,2,11630,1,0,Speeding,Snow,Fog,24.04,0.7,55.6,29.5,66819,9.6,9893,69.8,1,13.7,0.86,4.59,6.38,1,0.08,0
100482,NY,8113,2025-04-26,5,23168,3,0,Normal,Dry,Snow,16.7,3.2,55.9,2.6,82779,4.06,8778,66.2,1,68.7,7.99,6.42,2.96,1,0.583,0
100483,CA,9394,2025-04-27,4,15722,0,0,Speeding,Wet,Fog,23.33,4.7,15.2,15.5,117421,9.09,2736,34.4,0,91.3,8.99,6.8,7.1,0,0.948,1
100484,IL,4508,2025-04-28,1,24169,2,0,Distracted,Dry,Rain,6.64,6.4,108.1,11.3,100584,2.21,283,58.6,0,60.9,9.41,5.59,1.69,0,0.485,0
100485,TX,7457,2025-04-29,3,1800,3,0,Impaired,Dry,Clear,15.29,8.6,27.5,12.2,54950,6.19,2424,21.2,0,56.0,8.67,6.25,8.32,0,0.906,1
100486,FL,5213,2025-04-30,5,23753,2,0,Impaired,Wet,Fog,16.96,2.4,8.1,39.3,50173,9.76,2322,72.7,0,96.1,2.88,0.97,5.72,0,0.835,1
100487,TX,8971,2025-05-01,1,9935,2,0,Normal,Snow,Rain,7.94,1.7,72.9,25.7,93032,5.39,1016,38.3,0,62.7,3.33,9.52,5.84,0,0.147,0
100488,FL,9767,2025-05-02,5,19981,0,0,Normal,Dry,Clear,21.2,9.7,65.5,28.7,63036,7.64,939,41.9,0,26.0,4.27,7.91,2.1,0,0.708,1
100489,NY,1537,2025-05-03,5,5116,3,0,Normal,Dry,Clear,23.68,1.5,45.7,39.1,106356,4.05,3913,59.4,1,29.2,1.39,3.74,0.74,1,0.435,0
100490,CA,2626,2025-05-04,3,16893,4,0,Distracted,Dry,Fog,22.12,5.0,46.4,15.1,49292,9.42,6204,67.5,1,70.5,0.22,5.63,4.65,1,0.25,0
100491,TX,8974,2025-05-05,4,11117,0,0,Speeding,Dry,Clear,18.48,6.1,86.4,32.1,38052,2.52,3450,26.5,0,73.5,8.69,0.47,6.16,0,0.687,0
100492,IL,9578,2025-05-06,2,6252,0,0,Distracted,Wet,Fog,6.94,5.6,21.5,17.4,79377,10.53,8276,56.3,0,30.3,5.54,0.41,0.95,0,0.743,1
100493,NY,9071,2025-05-07,4,10352,3,0,Impaired,Wet,Clear,7.04,1.3,90.2,34.8,102838,3.98,4592,37.4,1,34.5,6.09,2.51,9.51,1,0.18,0
100494,TX,9667,2025-05-08,3,6795,3,0,Normal,Ice,Snow,24.08,1.0,71.4,7.2,102819,10.74,3573,35.8,0,99.1,9.27,6.9,9.8,0,0.914,1
100495,IL,9610,2025-05-09,3,21699,2,1,Speeding,Ice,Rain,0.26,1.5,46.1,37.9,50620,5.53,1813,58.3,0,10.2,6.65,8.52,5.45,0,0.751,1
100496,TX,7491,2025-05-10,3,17956,3,0,Impaired,Dry,Snow,17.9,6.1,50.4,8.8,65461,9.23,3341,37.1,0,40.5,6.91,5.59,9.5,0,0.933,1
100497,FL,4601,2025-05-11,1,3725,2,0,Impaired,Snow,Fog,17.66,5.7,28.2,13.0,55750,5.19,2538,34.2,0,6.2,7.87,5.32,1.79,0,0.317,0
100498,TX,7784,2025-05-12,4,1816,0,0,Impaired,Dry,Snow,15.57,2.7,82.7,30.2,44472,11.06,1608,68.5,0,82.1,1.16,4.02,0.25,0,0.939,1
100499,TX,5972,2025-05-13,4,22583,1,0,Distracted,Snow,Fog,24.75,6.6,56.4,15.8,104263,3.27,4740,17.1,1,9.2,3.6,1.62,0.39,1,0.369,0
100500,TX,2206,2025-05-14,5,12837,4,0,Normal,Dry,Clear,7.8,8.3,35.3,24.3,92602,3.79,6171,57.3,0,67.4,9.68,1.18,5.88,0,0.054,0
