crash_id,state,county_fips,crash_date,crash_severity,vehicle_damage,injury_count,fatality_count,driver_behavior,road_condition,weather_condition,precipitation,visibility,temperature,wind_speed,median_income,unemployment_rate,population_density,educational_attainment,claim_fraud_flag
100001,NY,8891,2024-01-01,1,11692,2,0,Distracted,Ice,Fog,0.17,9.8,71.0,6.8,78908,4.2,3162,10.7,0
100002,IL,5891,2024-01-02,4,2946,1,0,Speeding,Dry,Clear,21.92,1.1,76.1,29.2,83759,5.52,1677,67.1,1
100003,TX,6711,2024-01-03,2,9259,0,1,Speeding,Ice,Rain,14.04,2.0,25.9,16.2,114171,5.72,8961,26.9,0
100004,CA,5440,2024-01-04,2,16578,3,0,Speeding,Ice,Fog,0.61,2.4,82.9,12.7,95981,7.72,8216,15.8,0
100005,NY,2018,2024-01-05,2,7893,3,0,Normal,Ice,Snow,20.45,7.0,103.0,31.2,74433,3.64,951,37.3,1
100006,TX,5310,2024-01-06,1,6576,4,0,Normal,Snow,Snow,3.38,7.1,89.7,31.6,69585,5.45,8191,40.3,1
100007,TX,2547,2024-01-07,3,21232,2,0,Distracted,Ice,Fog,0.77,7.8,80.4,38.0,110925,10.1,1232,46.7,0
100008,CA,6349,2024-01-08,2,16884,4,0,Distracted,Wet,Clear,11.56,3.8,90.4,8.1,105434,5.27,5185,63.2,0
100009,IL,1271,2024-01-09,5,1666,3,0,Normal,Ice,Clear,24.02,8.5,0.8,21.3,65103,10.34,734,65.2,1
100010,IL,8725,2024-01-10,4,3376,3,0,Speeding,Wet,Snow,2.34,7.0,19.2,30.9,77004,2.21,5202,42.9,0
100011,CA,7515,2024-01-11,5,24403,4,0,Distracted,Snow,Clear,1.64,7.1,37.6,20.7,39321,11.22,5552,71.9,0
100012,FL,4519,2024-01-12,2,795,1,0,Speeding,Dry,Fog,22.0,8.2,80.7,9.2,55599,7.07,1661,15.5,0
100013,IL,2133,2024-01-13,3,19515,3,0,Impaired,Wet,Fog,20.53,6.3,107.6,39.8,57881,8.33,4662,34.9,0
100014,FL,2639,2024-01-14,4,22779,1,0,Speeding,Wet,Rain,20.5,4.2,80.6,35.6,37737,11.55,3867,35.2,0
100015,IL,5780,2024-01-15,2,13750,4,0,Distracted,Wet,Snow,11.7,0.3,52.7,23.1,87834,4.18,6721,59.8,1
100016,NY,3923,2024-01-16,4,16049,1,0,Distracted,Wet,Clear,10.69,6.0,101.3,21.5,111153,11.49,7228,69.2,0
100017,IL,3648,2024-01-17,3,20025,0,0,Normal,Ice,Fog,10.03,5.6,41.5,33.6,36556,9.34,7545,60.6,0
100018,FL,2254,2024-01-18,5,24679,1,0,Distracted,Wet,Fog,14.56,6.0,70.6,36.6,36286,9.9,9575,17.8,0
100019,IL,4968,2024-01-19,2,4035,2,0,Speeding,Snow,Rain,18.22,3.2,0.2,32.8,86871,2.59,3818,52.0,0
100020,FL,5336,2024-01-20,4,2434,3,0,Normal,Wet,Rain,19.61,5.5,19.7,17.3,115639,10.14,200,45.7,0
100021,IL,4425,2024-01-21,1,12636,0,0,Distracted,Dry,Snow,16.37,1.7,32.4,34.2,61243,10.97,7777,52.4,1
100022,CA,2106,2024-01-22,3,3649,3,0,Impaired,Wet,Rain,14.06,6.5,42.6,9.0,61719,6.58,6001,10.9,0
100023,CA,9055,2024-01-23,5,6873,4,0,Speeding,Wet,Rain,10.31,0.7,50.6,21.6,36951,6.04,1508,30.2,0
100024,TX,9206,2024-01-24,1,5119,3,0,Speeding,Snow,Clear,8.0,8.8,87.6,12.6,67395,5.61,661,13.6,0
100025,CA,2368,2024-01-25,3,20066,3,0,Impaired,Snow,Rain,7.16,2.2,30.8,4.8,47906,4.23,2378,37.0,1
100026,CA,4874,2024-01-26,4,8165,4,0,Speeding,Wet,Snow,7.4,2.9,9.1,5.8,53473,4.52,8801,63.1,0
100027,CA,8006,2024-01-27,2,6038,1,0,Normal,Dry,Clear,17.07,8.8,57.4,37.5,37049,11.76,4913,29.3,0
100028,CA,7677,2024-01-28,4,18682,4,0,Distracted,Wet,Rain,19.06,8.8,107.9,7.8,112078,10.49,3648,53.0,0
100029,TX,3244,2024-01-29,1,23646,2,0,Normal,Snow,Fog,14.94,8.4,44.1,26.0,78434,2.51,1216,53.9,0
100030,IL,4760,2024-01-30,3,20665,1,0,Speeding,Dry,Snow,5.57,3.3,28.3,9.6,116544,9.84,8708,27.6,1
100031,CA,8286,2024-01-31,1,5870,1,0,Normal,Snow,Clear,4.86,9.0,85.4,21.0,39718,3.05,2207,43.3,0
100032,TX,4425,2024-02-01,5,6857,2,0,Speeding,Snow,Rain,19.14,7.7,67.7,5.2,41598,11.68,4734,20.0,0
100033,TX,9843,2024-02-02,5,3423,0,0,Speeding,Dry,Clear,24.47,6.6,0.8,11.6,100206,3.92,8664,14.9,0
100034,NY,5676,2024-02-03,4,12672,0,0,Distracted,Dry,Clear,0.4,9.0,108.5,16.0,51588,8.32,7033,65.5,0
100035,FL,8360,2024-02-04,5,23970,2,0,Normal,Dry,Snow,6.22,7.8,53.8,28.3,97782,4.78,2023,22.6,0
100036,CA,5871,2024-02-05,3,5883,1,0,Speeding,Ice,Fog,19.81,4.2,33.4,36.0,50259,3.04,1905,18.8,0
100037,TX,1775,2024-02-06,3,23984,4,0,Distracted,Dry,Snow,17.98,3.2,73.2,17.1,38335,11.91,986,77.7,1
100038,NY,6409,2024-02-07,3,6470,0,0,Speeding,Snow,Snow,6.15,3.9,31.4,28.6,50529,11.66,1610,13.9,0
100039,CA,9455,2024-02-08,1,10301,1,0,Speeding,Dry,Rain,13.87,0.6,51.0,5.6,73165,4.07,7297,57.7,0
100040,CA,9354,2024-02-09,2,2338,3,0,Distracted,Wet,Fog,14.64,3.6,71.7,4.0,89827,6.56,4341,36.2,0
100041,NY,3180,2024-02-10,2,20938,4,0,Impaired,Ice,Snow,18.03,3.5,13.4,17.9,48309,3.89,7802,22.1,1
100042,IL,9310,2024-02-11,3,8904,4,0,Speeding,Snow,Snow,11.59,8.7,51.4,30.4,86151,4.59,403,29.1,0
100043,TX,3302,2024-02-12,2,23893,3,0,Distracted,Dry,Clear,10.12,8.9,80.9,9.3,118273,8.44,7943,61.2,0
100044,CA,1114,2024-02-13,1,1131,4,0,Speeding,Dry,Rain,7.7,9.6,105.7,32.4,71646,8.21,1855,69.9,0
100045,NY,9924,2024-02-14,2,1612,0,0,Normal,Wet,Clear,5.96,3.3,2.4,10.1,75486,7.42,683,28.8,0
100046,IL,9857,2024-02-15,4,20925,2,0,Impaired,Dry,Fog,2.31,6.9,91.6,3.4,47843,7.69,9719,34.3,0
100047,FL,4561,2024-02-16,4,12480,4,0,Distracted,Snow,Clear,16.15,6.3,103.3,20.5,48040,8.72,2563,38.7,0
100048,IL,5343,2024-02-17,3,5579,1,0,Distracted,Wet,Snow,16.74,2.4,108.4,0.0,117561,3.97,1447,67.9,0
100049,TX,6121,2024-02-18,3,19181,0,0,Normal,Snow,Snow,17.18,8.7,103.2,28.3,102431,3.48,9782,62.5,1
100050,NY,9461,2024-02-19,1,14113,0,0,Normal,Dry,Fog,0.08,2.1,14.2,29.6,69519,11.88,171,24.7,1
100051,CA,5212,2024-02-20,3,21874,0,0,Normal,Wet,Fog,10.96,7.5,97.5,38.9,107949,8.02,2157,48.0,0
100052,FL,9603,2024-02-21,4,4555,3,0,Impaired,Dry,Snow,3.06,1.4,16.8,26.5,116550,8.24,5324,63.7,0
100053,TX,8846,2024-02-22,3,8985,1,0,Impaired,Ice,Fog,13.17,1.1,39.7,19.8,51869,10.23,7881,43.5,0
100054,IL,8937,2024-02-23,3,8058,3,0,Distracted,Wet,Clear,24.49,7.2,39.7,2.9,74609,7.53,7768,48.9,0
100055,CA,2439,2024-02-24,4,9390,3,0,Impaired,Wet,Fog,12.48,5.3,30.8,21.4,111788,4.29,2570,24.9,0
100056,FL,1245,2024-02-25,5,22634,4,0,Normal,Snow,Snow,9.37,4.4,39.0,5.7,65045,8.42,3078,56.2,0
100057,FL,8794,2024-02-26,4,11509,1,0,Normal,Snow,Rain,20.35,7.8,59.7,32.1,117835,6.85,1546,15.0,0
100058,CA,7172,2024-02-27,5,13639,3,0,Distracted,Snow,Snow,24.21,3.6,8.6,23.0,43745,9.85,2457,35.3,0
100059,TX,8794,2024-02-28,5,1390,1,0,Distracted,Snow,Snow,7.18,8.5,41.0,8.5,65634,11.61,2980,38.0,0
100060,CA,5162,2024-02-29,5,10923,3,0,Distracted,Dry,Clear,20.08,9.6,64.2,28.3,93574,10.64,2583,52.6,0
100061,NY,1928,2024-03-01,3,5665,4,0,Impaired,Ice,Fog,24.9,9.8,14.8,13.3,93975,5.46,1893,76.4,0
100062,IL,6120,2024-03-02,3,3862,1,0,Speeding,Wet,Fog,2.8,2.8,26.7,26.8,45665,5.62,9107,25.3,0
100063,NY,4912,2024-03-03,1,20212,1,0,Distracted,Wet,Snow,13.28,4.2,34.4,31.2,80078,3.89,8177,48.1,0
100064,CA,3412,2024-03-04,2,4803,0,0,Distracted,Ice,Fog,20.34,7.3,8.2,3.5,63935,11.07,8173,66.2,0
100065,NY,7288,2024-03-05,5,11527,1,0,Speeding,Snow,Fog,9.41,8.9,88.8,20.4,72763,6.46,2719,52.2,1
100066,TX,1381,2024-03-06,4,8682,1,0,Impaired,Ice,Snow,11.14,7.1,29.0,4.1,41476,7.25,3072,61.7,0
100067,TX,5373,2024-03-07,5,2933,0,0,Impaired,Ice,Rain,18.77,7.6,45.2,26.0,36908,11.43,8429,18.2,0
100068,FL,6019,2024-03-08,3,6030,3,0,Normal,Wet,Rain,2.46,8.8,44.6,12.6,90095,5.46,5510,68.5,0
100069,FL,8486,2024-03-09,3,22300,2,0,Normal,Snow,Snow,9.01,3.7,33.5,25.7,49301,10.9,5320,31.8,0
100070,CA,7212,2024-03-10,2,6989,0,0,Speeding,Dry,Rain,14.09,5.4,14.1,1.9,40683,5.95,4140,40.6,0
100071,NY,8486,2024-03-11,5,18708,2,0,Distracted,Ice,Fog,5.96,5.3,98.3,34.7,38113,8.01,3287,15.9,0
100072,IL,2568,2024-03-12,5,16442,4,0,Speeding,Wet,Fog,21.0,6.5,75.0,19.1,114866,9.63,3302,58.1,0
100073,FL,8213,2024-03-13,5,1364,2,1,Normal,Ice,Clear,19.15,9.0,29.4,31.7,75475,10.37,1131,69.3,0
100074,TX,5454,2024-03-14,2,14075,0,0,Speeding,Wet,Fog,24.14,6.0,10.2,9.1,38866,7.54,1171,43.9,1
100075,TX,3986,2024-03-15,4,23272,2,0,Normal,Ice,Rain,13.07,9.7,13.6,13.4,107640,7.49,8560,17.1,0
100076,CA,3848,2024-03-16,4,4634,1,0,Speeding,Snow,Snow,2.66,7.3,30.4,30.6,55658,4.49,6367,17.2,1
100077,CA,5456,2024-03-17,1,16069,0,0,Speeding,Dry,Clear,23.42,4.2,5.4,34.1,47808,5.27,9053,18.1,1
100078,NY,5742,2024-03-18,2,6127,3,0,Normal,Snow,Fog,20.86,5.8,16.0,17.5,87236,5.09,1333,44.6,0
100079,TX,2567,2024-03-19,5,5777,1,0,Distracted,Dry,Rain,13.61,9.2,52.3,37.2,70216,6.24,353,53.5,0
100080,TX,7535,2024-03-20,5,10231,3,0,Distracted,Snow,Fog,20.91,6.2,103.0,23.2,64385,7.0,9993,12.3,0
100081,IL,8295,2024-03-21,1,3750,2,0,Speeding,Snow,Rain,22.04,7.1,47.7,2.0,113347,8.74,1846,14.4,0
100082,FL,6507,2024-03-22,1,17284,2,0,Speeding,Snow,Snow,19.4,6.6,78.0,18.1,48359,5.84,9689,79.1,0
100083,IL,3460,2024-03-23,4,19945,3,0,Speeding,Wet,Rain,14.28,3.4,62.7,6.4,45899,3.94,800,30.4,0
100084,NY,2679,2024-03-24,3,2213,2,0,Speeding,Snow,Clear,15.38,2.0,107.4,29.3,62594,2.59,5366,43.4,1
100085,NY,6698,2024-03-25,5,13677,2,0,Speeding,Wet,Clear,21.11,4.1,19.6,13.9,56930,5.13,7084,54.1,1
100086,TX,2775,2024-03-26,3,7007,3,0,Normal,Ice,Fog,15.56,1.5,81.3,8.0,40419,11.07,951,60.0,0
100087,NY,1061,2024-03-27,1,10594,3,0,Speeding,Snow,Clear,5.16,8.3,38.5,33.7,48665,9.29,4089,17.7,0
100088,IL,4795,2024-03-28,4,8700,0,0,Impaired,Dry,Fog,17.29,7.1,109.0,32.7,92526,2.65,7021,17.7,0
100089,NY,8264,2024-03-29,4,2195,4,0,Distracted,Ice,Rain,13.3,4.0,38.8,13.7,80266,11.06,7609,73.8,0
100090,IL,6074,2024-03-30,2,23533,1,0,Distracted,Snow,Fog,6.58,1.7,107.7,16.1,56414,3.21,6739,32.7,0
100091,IL,5840,2024-03-31,3,12714,4,0,Impaired,Ice,Snow,0.02,8.8,94.6,2.4,95657,10.5,5739,60.7,1
100092,IL,1798,2024-04-01,1,20181,1,0,Distracted,Snow,Clear,5.89,6.4,65.8,7.2,45118,5.66,1547,59.7,0
100093,CA,7329,2024-04-02,3,20794,3,0,Impaired,Ice,Rain,16.84,10.0,3.0,29.4,113724,8.3,8092,42.8,0
100094,TX,8089,2024-04-03,5,761,1,0,Speeding,Ice,Clear,21.96,1.0,20.4,22.6,79011,3.54,5611,16.4,0
100095,IL,4580,2024-04-04,2,14259,1,0,Speeding,Snow,Snow,20.77,2.4,6.2,32.9,71537,10.8,6777,72.3,0
100096,FL,9531,2024-04-05,3,13416,4,0,Impaired,Snow,Rain,2.7,0.8,87.2,20.0,78395,2.23,1249,68.4,0
100097,TX,7953,2024-04-06,5,13906,1,0,Distracted,Ice,Fog,1.78,7.4,8.1,30.7,55442,9.59,3123,40.2,1
100098,FL,1504,2024-04-07,1,8716,1,0,Normal,Wet,Snow,19.04,1.6,86.5,20.4,72468,10.59,202,41.9,0
100099,IL,8208,2024-04-08,5,17058,0,0,Distracted,Wet,Clear,7.12,8.8,3.1,22.7,97330,4.37,8857,48.2,0
100100,CA,8678,2024-04-09,3,7176,3,0,Speeding,Snow,Clear,6.8,4.9,28.1,7.4,113051,4.15,1058,36.5,0
100101,CA,5501,2024-04-10,5,7690,0,0,Speeding,Ice,Snow,0.05,5.3,32.7,21.8,64597,8.27,9746,45.3,0
100102,TX,2531,2024-04-11,2,6154,3,0,Normal,Dry,Snow,2.46,0.4,62.1,8.0,61284,4.48,8022,43.1,0
100103,FL,4221,2024-04-12,4,3215,4,0,Distracted,Snow,Snow,3.39,6.1,61.8,22.2,52138,8.42,9317,30.0,0
100104,IL,4959,2024-04-13,2,17883,0,0,Normal,Ice,Clear,3.98,2.3,97.6,5.7,51772,3.63,3205,71.1,1
100105,IL,4877,2024-04-14,5,14605,2,0,Distracted,Dry,Fog,11.13,2.1,70.1,7.4,115982,11.31,3829,13.3,0
100106,TX,4175,2024-04-15,1,1636,0,0,Impaired,Ice,Snow,20.35,9.0,17.8,30.6,36002,10.06,2549,35.5,0
100107,IL,2449,2024-04-16,3,24628,4,0,Speeding,Wet,Clear,20.31,8.9,3.0,2.8,43565,10.73,2464,64.2,1
100108,CA,1069,2024-04-17,3,17953,0,0,Speeding,Wet,Fog,22.75,0.1,83.8,14.8,98356,6.51,9842,44.0,1
100109,IL,3154,2024-04-18,4,22042,3,0,Distracted,Wet,Fog,11.09,8.3,58.9,35.1,46825,8.06,5197,65.0,0
100110,CA,8207,2024-04-19,5,1576,4,0,Distracted,Snow,Clear,17.72,9.0,63.6,4.2,82700,10.48,410,43.8,0
100111,TX,9223,2024-04-20,1,5416,2,0,Distracted,Ice,Clear,12.21,5.1,45.6,14.4,79401,4.37,6592,79.3,0
100112,FL,4365,2024-04-21,5,10004,3,0,Speeding,Snow,Clear,1.25,6.6,64.9,4.6,55729,11.36,7875,71.9,0
100113,NY,3086,2024-04-22,5,20921,1,0,Normal,Ice,Snow,2.01,7.7,44.6,35.1,36845,8.13,4758,10.5,0
100114,CA,7328,2024-04-23,5,7875,3,0,Speeding,Wet,Clear,6.15,6.9,49.0,5.0,74456,5.37,7181,43.3,1
100115,FL,2492,2024-04-24,5,7033,3,0,Distracted,Wet,Rain,24.54,4.6,65.2,10.2,49863,5.33,8749,70.0,0
100116,IL,8184,2024-04-25,3,24213,4,0,Impaired,Dry,Clear,17.3,5.7,54.2,16.9,85613,7.88,7164,34.0,0
100117,IL,7942,2024-04-26,4,19380,2,0,Normal,Ice,Snow,6.7,5.7,6.5,26.6,99028,3.14,6947,61.0,0
100118,FL,4580,2024-04-27,3,7081,2,0,Impaired,Snow,Clear,17.66,8.4,107.4,13.8,91600,10.81,569,39.3,0
100119,FL,9142,2024-04-28,5,10281,1,0,Impaired,Snow,Snow,16.53,2.4,94.1,8.5,109383,8.24,9248,16.7,0
100120,TX,1699,2024-04-29,5,8105,0,0,Distracted,Ice,Clear,1.08,7.6,41.7,14.9,92914,6.91,820,32.1,1
100121,CA,4637,2024-04-30,4,5956,2,0,Normal,Snow,Rain,9.04,8.1,60.1,22.8,103377,11.94,3224,31.9,0
100122,FL,9313,2024-05-01,1,10346,0,0,Speeding,Wet,Clear,19.34,8.0,102.6,39.6,93112,2.35,9834,55.8,0
100123,FL,1752,2024-05-02,3,20501,0,0,Speeding,Ice,Clear,1.96,8.1,43.8,13.1,54260,10.16,7955,74.9,1
100124,TX,7006,2024-05-03,4,7463,2,0,Distracted,Ice,Fog,22.11,8.3,103.9,14.5,62645,7.81,715,59.3,0
100125,CA,7085,2024-05-04,2,18091,3,0,Normal,Snow,Rain,23.27,4.2,3.4,28.2,55181,5.16,9560,32.6,1
100126,FL,9650,2024-05-05,1,13674,2,0,Distracted,Wet,Snow,21.33,6.2,82.0,12.0,101115,6.38,3647,57.8,1
100127,IL,3203,2024-05-06,2,3114,1,0,Speeding,Snow,Fog,2.93,7.6,87.7,14.0,94793,7.91,4903,15.9,1
100128,TX,9865,2024-05-07,4,15965,3,0,Normal,Wet,Rain,14.13,7.7,21.3,39.8,51629,5.02,8108,36.3,0
100129,CA,8748,2024-05-08,1,4352,0,0,Normal,Dry,Rain,17.69,9.6,17.9,24.2,45703,4.21,9213,23.3,0
100130,FL,3599,2024-05-09,5,16201,1,0,Speeding,Wet,Fog,22.2,9.8,65.0,33.2,51969,10.64,860,58.5,0
100131,CA,8047,2024-05-10,4,3326,4,0,Normal,Wet,Fog,2.39,5.6,52.8,1.3,90442,6.31,8680,56.3,0
100132,IL,7689,2024-05-11,5,22597,0,0,Normal,Ice,Snow,20.39,4.7,64.5,5.8,53856,8.86,4114,34.7,0
100133,FL,1077,2024-05-12,4,14319,3,0,Speeding,Ice,Fog,6.95,8.4,14.5,29.1,76179,3.35,874,22.6,1
100134,TX,7059,2024-05-13,1,3650,0,0,Normal,Ice,Clear,14.81,2.2,30.6,21.6,115461,10.98,5420,21.0,1
100135,TX,8229,2024-05-14,1,16827,4,0,Speeding,Ice,Fog,17.99,7.7,7.7,39.8,89631,3.31,9463,26.6,0
100136,CA,7997,2024-05-15,1,13640,4,0,Impaired,Dry,Snow,19.43,1.9,11.9,19.8,117526,8.38,8882,33.0,0
100137,TX,5644,2024-05-16,5,20497,4,0,Impaired,Snow,Rain,7.37,5.9,78.8,15.4,42997,8.83,4527,70.9,0
100138,CA,1780,2024-05-17,1,9984,2,0,Normal,Snow,Fog,15.18,6.1,2.9,7.8,109320,11.73,8292,18.5,0
100139,NY,3485,2024-05-18,1,7219,4,0,Impaired,Wet,Clear,7.19,4.4,59.4,23.6,114341,11.09,9600,21.8,0
100140,CA,2306,2024-05-19,4,4731,3,0,Speeding,Wet,Fog,24.96,8.6,32.9,30.7,80949,8.42,166,35.9,0
100141,CA,7994,2024-05-20,4,24122,0,0,Distracted,Dry,Snow,20.36,5.4,95.5,37.0,55483,4.68,2368,52.3,0
100142,IL,4967,2024-05-21,3,11059,0,0,Impaired,Snow,Rain,10.35,4.9,60.0,5.5,63161,9.09,9092,13.9,0
100143,IL,1483,2024-05-22,2,3570,1,0,Normal,Wet,Clear,21.98,4.2,109.7,0.3,42084,2.03,9620,27.2,0
100144,NY,4596,2024-05-23,3,11065,2,0,Impaired,Ice,Fog,18.31,0.6,61.7,19.1,111197,5.56,4218,68.4,0
100145,TX,2769,2024-05-24,5,6079,4,0,Speeding,Dry,Fog,23.22,3.6,61.8,7.3,100916,6.15,3678,56.4,0
100146,NY,9933,2024-05-25,3,11747,0,0,Speeding,Snow,Rain,4.29,0.9,36.9,24.4,98294,10.77,2736,34.6,1
100147,TX,8553,2024-05-26,5,4465,4,0,Speeding,Snow,Clear,7.37,5.7,27.8,24.8,106829,7.58,1996,18.0,1
100148,NY,7825,2024-05-27,4,14230,4,0,Impaired,Ice,Rain,2.34,6.4,47.0,16.4,56871,3.2,2961,32.7,0
100149,CA,2591,2024-05-28,1,11522,0,0,Speeding,Dry,Clear,7.95,7.7,25.0,27.1,64464,6.1,4392,27.1,0
100150,FL,4548,2024-05-29,4,5295,2,0,Impaired,Wet,Fog,9.53,6.3,7.8,8.0,93299,7.5,3388,59.7,0
100151,IL,2340,2024-05-30,4,17356,0,0,Impaired,Dry,Fog,15.82,1.9,46.8,32.3,90284,3.23,4685,31.0,0
100152,TX,5529,2024-05-31,4,9438,4,0,Distracted,Dry,Fog,11.79,7.5,11.7,2.0,96979,5.03,5343,57.4,1
100153,TX,1178,2024-06-01,2,24085,1,0,Speeding,Dry,Fog,17.94,5.5,79.5,6.9,51287,2.55,9268,38.9,0
100154,NY,4744,2024-06-02,4,18700,0,0,Distracted,Snow,Rain,6.73,1.0,32.8,39.2,46744,10.3,990,34.5,0
100155,CA,7362,2024-06-03,3,21999,1,0,Speeding,Ice,Rain,4.33,0.2,53.9,36.0,109362,9.67,2303,65.0,0
100156,CA,5372,2024-06-04,1,1309,2,0,Speeding,Ice,Fog,9.48,3.0,21.5,37.6,116709,4.38,1745,23.0,1
100157,TX,6428,2024-06-05,4,16274,4,0,Speeding,Ice,Fog,10.95,6.9,74.9,36.3,46834,7.81,280,42.0,0
100158,TX,9742,2024-06-06,5,7515,3,0,Impaired,Wet,Fog,10.55,9.3,91.4,17.7,69986,6.3,9444,50.8,0
100159,IL,1449,2024-06-07,1,11146,0,0,Speeding,Dry,Snow,22.84,9.7,24.2,37.6,92596,4.68,2699,32.5,0
100160,FL,8888,2024-06-08,1,1705,1,0,Normal,Ice,Fog,6.74,7.6,0.9,9.5,102311,10.2,7586,59.4,0
100161,NY,9121,2024-06-09,5,10074,1,0,Normal,Snow,Fog,8.8,2.9,27.6,2.0,114271,3.16,7192,74.2,0
100162,IL,6940,2024-06-10,2,17757,2,0,Impaired,Ice,Rain,5.38,6.2,69.0,22.3,55377,6.32,4409,15.1,0
100163,FL,4161,2024-06-11,5,2132,3,1,Speeding,Dry,Rain,9.3,2.3,34.2,12.5,115517,11.92,6576,22.7,0
100164,TX,7110,2024-06-12,3,6479,4,0,Normal,Wet,Snow,9.75,7.5,92.0,21.3,56118,4.6,1195,45.6,0
100165,NY,8744,2024-06-13,5,16853,0,0,Speeding,Ice,Rain,14.39,1.7,93.8,18.9,43131,5.4,1261,66.0,0
100166,NY,4114,2024-06-14,5,4202,1,0,Normal,Ice,Rain,6.96,7.6,40.9,19.3,107509,10.66,428,54.2,1
100167,CA,6935,2024-06-15,1,9368,4,0,Speeding,Snow,Snow,6.49,8.7,40.2,22.8,74217,10.24,2368,11.4,0
100168,FL,9289,2024-06-16,5,12128,1,0,Distracted,Snow,Rain,17.98,5.2,1.8,36.9,108567,10.87,2699,33.1,0
100169,IL,2025,2024-06-17,4,7930,1,0,Speeding,Wet,Clear,22.75,0.7,60.5,9.4,81515,6.67,7773,55.8,1
100170,NY,3137,2024-06-18,1,14951,1,0,Impaired,Wet,Fog,3.05,4.5,17.0,35.0,63872,10.35,2559,58.1,0
100171,TX,6158,2024-06-19,1,16538,4,0,Impaired,Wet,Fog,4.56,8.4,12.4,29.4,87747,2.72,6350,43.8,0
100172,TX,1018,2024-06-20,1,2017,0,0,Distracted,Ice,Snow,3.33,1.8,5.9,3.2,98689,6.76,4072,13.8,0
100173,IL,2997,2024-06-21,1,8932,2,0,Impaired,Snow,Fog,17.09,0.4,19.7,33.4,104290,2.03,216,53.9,0
100174,FL,1472,2024-06-22,2,16086,1,0,Normal,Wet,Clear,5.35,7.3,17.2,15.9,83610,6.1,2636,45.3,0
100175,IL,8642,2024-06-23,4,16531,2,0,Speeding,Wet,Snow,15.11,5.6,3.9,13.4,73648,6.74,5139,60.8,0
100176,FL,6587,2024-06-24,2,18994,2,0,Distracted,Wet,Rain,5.04,0.4,108.1,0.0,80438,2.66,527,37.3,1
100177,TX,2319,2024-06-25,3,8045,1,0,Impaired,Dry,Rain,20.44,9.8,72.4,9.8,61216,2.97,6045,68.5,1
100178,NY,6986,2024-06-26,2,6066,1,0,Distracted,Dry,Snow,7.9,5.7,42.6,27.5,71705,2.78,8021,31.5,0
100179,TX,4199,2024-06-27,1,19990,0,0,Impaired,Snow,Snow,16.74,5.9,6.9,34.0,69642,11.71,4143,70.5,0
100180,TX,7415,2024-06-28,4,8507,2,0,Normal,Ice,Clear,3.72,7.9,5.2,9.6,46963,3.23,2189,11.0,0
100181,IL,8461,2024-06-29,2,3614,2,0,Normal,Ice,Rain,7.65,9.0,88.5,14.8,101114,7.42,7238,63.4,0
100182,FL,5064,2024-06-30,2,15717,0,0,Impaired,Wet,Snow,7.43,0.6,46.5,6.0,99545,9.01,4342,67.9,0
100183,CA,1164,2024-07-01,4,6734,3,0,Speeding,Ice,Clear,15.88,3.5,11.9,32.1,44478,7.98,5210,57.7,0
100184,TX,5450,2024-07-02,2,17574,2,1,Distracted,Ice,Rain,17.02,2.0,18.4,28.7,57117,11.89,1021,73.2,1
100185,IL,1127,2024-07-03,4,15114,4,0,Speeding,Dry,Rain,21.13,4.7,74.8,28.0,119972,11.49,1317,24.1,0
100186,NY,5334,2024-07-04,3,9565,0,0,Normal,Wet,Clear,4.58,0.9,47.0,27.2,35166,11.11,8640,34.6,1
100187,TX,7814,2024-07-05,2,6224,3,0,Distracted,Ice,Snow,19.01,0.7,10.6,35.7,50882,2.36,5985,26.0,1
100188,CA,3055,2024-07-06,4,10075,1,0,Speeding,Snow,Snow,17.8,3.0,43.1,35.3,57129,9.09,2738,69.1,0
100189,FL,4184,2024-07-07,1,10940,4,0,Distracted,Ice,Rain,13.94,9.0,4.9,25.0,97736,8.72,4893,62.2,0
100190,IL,4122,2024-07-08,4,17832,0,0,Normal,Snow,Clear,16.25,9.8,29.8,11.6,115544,4.35,8434,70.8,0
100191,IL,9186,2024-07-09,4,24061,0,0,Distracted,Wet,Fog,2.25,7.6,55.3,16.1,112325,8.51,3913,34.3,0
100192,NY,3859,2024-07-10,1,15186,4,0,Distracted,Snow,Clear,3.67,0.0,50.3,1.2,94888,4.62,5130,20.8,0
100193,NY,3757,2024-07-11,2,21333,1,0,Speeding,Snow,Rain,10.39,7.4,84.5,36.7,40227,3.44,802,77.8,0
100194,NY,6121,2024-07-12,1,2559,2,0,Speeding,Wet,Snow,17.78,0.2,17.6,27.5,67143,10.95,1432,41.4,0
100195,NY,5470,2024-07-13,2,3670,4,0,Distracted,Wet,Clear,4.2,1.7,56.1,36.3,99491,4.11,4703,61.1,0
100196,FL,5861,2024-07-14,5,23324,0,0,Speeding,Snow,Fog,9.72,0.1,15.6,12.1,119271,5.93,8924,55.8,1
100197,NY,5782,2024-07-15,4,4559,4,0,Speeding,Ice,Rain,12.45,1.5,20.8,37.8,95127,11.92,3540,20.0,0
100198,NY,1731,2024-07-16,5,3392,3,0,Speeding,Wet,Clear,23.38,6.9,45.1,34.6,78838,9.13,4103,69.1,0
100199,IL,7532,2024-07-17,5,9803,3,0,Speeding,Ice,Fog,1.38,7.0,16.0,35.4,108284,4.03,1012,78.5,1
100200,NY,7221,2024-07-18,3,22495,1,0,Impaired,Wet,Rain,20.73,3.7,61.9,0.0,36355,9.52,7532,77.6,0
100201,FL,1511,2024-07-19,1,17073,1,0,Normal,Ice,Rain,24.6,7.3,50.1,15.1,39285,5.81,9866,33.5,0
100202,IL,8355,2024-07-20,1,22364,3,0,Distracted,Dry,Snow,6.68,8.5,103.6,4.9,86866,5.11,3096,74.8,1
100203,IL,3789,2024-07-21,1,23670,4,0,Speeding,Ice,Fog,22.25,1.3,73.7,37.3,70597,5.93,1521,19.3,1
100204,TX,4487,2024-07-22,4,24458,1,0,Speeding,Ice,Snow,7.26,0.9,11.3,20.5,52021,5.06,1526,75.8,0
100205,NY,1084,2024-07-23,1,3398,1,0,Normal,Ice,Fog,19.98,3.7,66.8,19.6,118757,5.77,9390,13.1,0
100206,NY,7094,2024-07-24,3,24273,3,0,Impaired,Dry,Clear,11.5,4.0,46.2,19.5,69294,8.64,2398,38.6,0
100207,TX,6353,2024-07-25,4,19670,3,0,Distracted,Ice,Snow,14.94,2.8,55.1,22.8,97943,11.14,8875,69.0,0
100208,NY,6188,2024-07-26,3,22307,0,0,Normal,Wet,Rain,5.92,7.5,72.1,21.8,103176,4.67,109,60.8,0
100209,CA,6587,2024-07-27,3,19054,4,0,Speeding,Dry,Rain,17.19,3.2,20.4,36.7,104614,8.24,1721,60.5,0
100210,TX,9603,2024-07-28,4,24915,0,0,Speeding,Dry,Rain,3.72,8.0,39.5,35.4,75846,10.51,8011,29.4,0
100211,FL,2786,2024-07-29,2,8150,2,0,Normal,Dry,Rain,13.99,9.1,52.8,31.3,89566,2.06,5378,39.5,1
100212,FL,5664,2024-07-30,2,16964,4,0,Speeding,Ice,Fog,12.36,5.1,67.6,12.9,82231,2.4,4362,51.3,0
100213,FL,9968,2024-07-31,2,875,0,0,Distracted,Dry,Clear,20.93,4.3,31.4,31.4,94960,5.54,5585,37.2,1
100214,TX,2901,2024-08-01,5,5235,1,0,Normal,Ice,Clear,12.04,0.9,55.3,5.8,115374,11.16,7348,45.4,0
100215,FL,6452,2024-08-02,2,10597,4,0,Distracted,Dry,Fog,19.62,2.7,30.6,34.4,73233,8.44,9782,47.8,0
100216,CA,7065,2024-08-03,5,12095,1,0,Speeding,Snow,Rain,10.01,8.9,63.0,30.9,99271,7.44,1818,67.7,0
100217,IL,4083,2024-08-04,1,6645,0,0,Speeding,Wet,Clear,7.7,2.5,37.7,31.0,65155,11.02,8308,60.7,0
100218,TX,7589,2024-08-05,4,8144,3,0,Speeding,Snow,Snow,19.68,6.2,92.3,21.1,51058,11.95,2056,56.2,1
100219,IL,9010,2024-08-06,1,9317,1,0,Speeding,Ice,Rain,10.46,5.0,75.5,18.0,94048,2.2,1608,12.5,0
100220,IL,3199,2024-08-07,1,19252,1,0,Speeding,Snow,Fog,12.42,0.9,89.8,9.1,71766,7.58,6096,20.9,0
100221,CA,7361,2024-08-08,1,5593,3,0,Speeding,Dry,Fog,14.43,9.0,17.0,32.3,111301,3.59,8939,72.1,0
100222,NY,9658,2024-08-09,3,7362,0,0,Speeding,Ice,Clear,20.49,0.7,20.4,38.6,116240,4.52,2429,63.6,0
100223,CA,7067,2024-08-10,5,6834,0,0,Impaired,Ice,Fog,14.53,6.8,59.7,21.7,63560,4.26,8663,22.6,0
100224,IL,9309,2024-08-11,1,16960,4,0,Normal,Snow,Clear,10.15,9.7,6.8,36.1,47832,5.2,8659,14.6,0
100225,CA,8753,2024-08-12,5,22052,1,0,Speeding,Snow,Rain,4.01,7.1,59.2,11.3,86647,3.62,1642,21.4,0
100226,FL,5010,2024-08-13,5,4632,0,0,Impaired,Ice,Clear,17.55,3.3,37.0,20.7,72149,11.74,3877,68.6,0
100227,CA,1658,2024-08-14,5,8229,4,0,Distracted,Dry,Clear,22.08,0.7,35.7,13.1,70677,11.33,8236,78.1,0
100228,TX,4629,2024-08-15,2,19714,3,0,Speeding,Dry,Fog,2.71,5.8,25.3,39.7,98415,11.46,4050,62.9,0
100229,TX,9671,2024-08-16,3,17469,4,0,Distracted,Ice,Rain,11.66,7.3,0.5,10.0,96926,4.48,9851,64.9,0
100230,FL,8073,2024-08-17,1,15753,4,0,Normal,Wet,Snow,23.36,3.6,75.6,27.2,52479,8.82,6269,12.1,0
100231,IL,3493,2024-08-18,3,17255,1,0,Speeding,Ice,Clear,14.09,6.5,82.8,30.6,62181,8.0,1674,71.2,0
100232,CA,2704,2024-08-19,4,2452,0,0,Speeding,Ice,Rain,13.63,5.7,37.2,1.3,76078,2.61,2058,57.7,0
100233,TX,1328,2024-08-20,1,2420,1,0,Impaired,Ice,Snow,1.59,0.3,51.7,39.3,95329,8.64,7916,34.4,1
100234,TX,7358,2024-08-21,3,14754,4,0,Distracted,Snow,Snow,13.38,9.2,87.7,3.7,75176,7.82,3325,45.0,0
100235,NY,7401,2024-08-22,2,24844,2,0,Distracted,Snow,Snow,16.36,3.8,71.2,24.6,94432,10.46,6029,76.5,0
100236,CA,7216,2024-08-23,4,16452,3,0,Impaired,Wet,Fog,3.66,3.8,2.5,6.0,67366,2.7,1100,13.8,1
100237,TX,4799,2024-08-24,2,11161,2,0,Impaired,Dry,Snow,23.91,8.5,31.2,20.8,98788,8.95,3598,23.4,0
100238,IL,4149,2024-08-25,3,10408,1,0,Impaired,Wet,Clear,4.9,4.8,105.0,3.7,94000,2.18,6862,20.5,0
100239,NY,8728,2024-08-26,3,8142,0,0,Impaired,Wet,Clear,16.85,4.5,97.1,31.2,104623,11.49,5754,47.7,0
100240,FL,2280,2024-08-27,4,3162,2,0,Speeding,Ice,Fog,6.86,6.4,35.8,30.9,84803,9.31,5373,26.5,0
100241,NY,4367,2024-08-28,2,7931,3,0,Normal,Dry,Rain,2.71,2.1,100.2,23.9,65006,6.64,2799,15.4,0
100242,IL,7659,2024-08-29,3,15869,3,0,Distracted,Wet,Clear,6.52,5.3,52.7,0.6,56353,2.21,1288,46.0,1
100243,IL,6561,2024-08-30,3,9878,1,0,Speeding,Snow,Fog,8.35,6.7,22.2,1.7,70223,3.43,2889,68.5,0
100244,NY,5042,2024-08-31,5,17203,3,0,Normal,Snow,Rain,11.62,5.4,29.9,7.2,78517,10.93,1733,57.7,0
100245,TX,6963,2024-09-01,3,10038,0,0,Normal,Wet,Snow,5.86,7.1,26.5,38.9,108788,10.47,6396,12.6,0
100246,TX,5418,2024-09-02,2,24193,2,0,Speeding,Wet,Clear,18.19,6.0,6.1,10.2,47410,6.51,74,13.2,0
100247,TX,1603,2024-09-03,2,15447,3,0,Speeding,Ice,Clear,20.18,8.4,48.1,30.0,55645,11.29,8983,47.7,0
100248,IL,8194,2024-09-04,2,1140,0,0,Normal,Dry,Rain,19.77,8.8,99.5,11.2,50431,4.06,5031,19.9,0
100249,CA,4103,2024-09-05,5,1558,2,0,Speeding,Wet,Fog,17.89,1.0,57.8,10.2,41571,2.25,5493,59.5,0
100250,IL,5483,2024-09-06,1,698,3,0,Impaired,Snow,Snow,6.74,2.6,60.0,10.3,105663,9.88,1766,27.3,0
100251,CA,5790,2024-09-07,5,10393,1,0,Normal,Snow,Fog,5.26,0.5,25.0,11.9,89520,3.71,5442,40.8,0
100252,FL,8297,2024-09-08,3,20229,2,0,Normal,Wet,Clear,2.73,2.3,5.1,0.4,92021,8.35,9877,53.4,0
100253,FL,5988,2024-09-09,4,24218,1,0,Distracted,Dry,Clear,9.92,7.2,13.8,39.5,98554,7.4,2633,78.1,0
100254,IL,1721,2024-09-10,1,18547,1,0,Normal,Snow,Snow,2.18,0.8,23.7,22.7,117240,3.08,212,23.8,0
100255,NY,6158,2024-09-11,1,23622,3,0,Distracted,Snow,Fog,16.38,1.6,96.1,24.1,115788,8.83,5905,73.8,1
100256,IL,3436,2024-09-12,3,20994,4,0,Impaired,Ice,Clear,23.75,7.7,108.7,21.5,84145,3.38,3893,34.6,0
100257,IL,9518,2024-09-13,2,13465,4,0,Distracted,Snow,Clear,18.89,4.4,2.0,1.8,69302,8.3,9000,21.3,0
100258,TX,5101,2024-09-14,5,11503,4,0,Distracted,Wet,Fog,2.92,2.9,48.8,18.9,53158,7.69,308,39.5,1
100259,NY,5559,2024-09-15,1,24797,2,0,Speeding,Ice,Snow,0.51,6.4,40.6,21.6,119979,7.27,5301,68.9,0
100260,FL,8355,2024-09-16,1,16533,3,0,Normal,Snow,Snow,8.37,8.9,59.0,26.9,102685,6.59,1096,13.1,0
100261,IL,8199,2024-09-17,4,19621,2,0,Normal,Snow,Rain,24.82,0.4,67.8,21.4,42882,9.78,2309,19.6,0
100262,NY,3522,2024-09-18,4,7361,4,0,Normal,Wet,Rain,7.82,6.9,43.6,2.2,46649,5.7,7642,51.3,0
100263,IL,2259,2024-09-19,5,21591,3,0,Distracted,Dry,Snow,18.44,6.7,20.2,24.8,45445,5.69,4759,38.6,0
100264,FL,2184,2024-09-20,2,22675,0,0,Normal,Wet,Snow,17.91,8.7,64.4,23.2,80721,2.23,5756,43.5,0
100265,NY,3507,2024-09-21,1,7085,2,0,Distracted,Dry,Fog,14.31,2.0,3.7,21.8,116754,9.55,2333,67.5,0
100266,TX,9492,2024-09-22,1,24688,1,0,Impaired,Snow,Clear,9.19,7.1,98.3,33.7,91030,9.43,3260,21.7,0
100267,FL,6295,2024-09-23,1,2880,1,0,Distracted,Ice,Fog,5.21,1.0,70.9,17.9,107699,6.63,5488,32.5,0
100268,CA,7601,2024-09-24,1,5904,3,0,Normal,Snow,Snow,24.5,0.6,10.4,24.1,107747,8.1,4532,24.4,0
100269,NY,1449,2024-09-25,3,1472,1,0,Distracted,Ice,Rain,1.65,6.8,60.7,4.9,112360,2.21,7704,17.0,1
100270,FL,7853,2024-09-26,1,23726,1,0,Distracted,Wet,Rain,5.91,0.2,14.2,10.1,77426,3.2,4297,46.7,0
100271,TX,2003,2024-09-27,5,14739,1,0,Distracted,Ice,Snow,7.72,0.4,13.1,34.0,92485,2.72,2220,24.9,0
100272,CA,5333,2024-09-28,1,19666,1,0,Speeding,Snow,Clear,22.74,0.4,29.2,0.6,98640,11.59,4011,73.3,0
100273,IL,7538,2024-09-29,2,2817,0,0,Speeding,Snow,Fog,17.83,4.7,83.9,6.3,47451,4.75,6505,13.2,0
100274,CA,4217,2024-09-30,2,1501,0,0,Speeding,Snow,Snow,6.63,7.6,76.8,32.9,66773,2.98,9955,72.8,0
100275,NY,7353,2024-10-01,1,14874,0,0,Normal,Snow,Fog,4.11,9.9,61.5,9.2,62178,10.73,3330,51.1,1
100276,NY,5416,2024-10-02,5,7247,0,0,Impaired,Ice,Fog,22.01,2.3,28.1,10.4,68671,10.19,9374,70.3,0
100277,CA,6917,2024-10-03,1,14411,1,0,Impaired,Ice,Snow,19.84,7.9,57.0,28.0,58246,2.44,5897,12.0,0
100278,FL,9235,2024-10-04,1,993,2,0,Speeding,Wet,Rain,0.96,8.0,102.3,38.7,65890,5.91,7351,33.3,0
100279,TX,5578,2024-10-05,2,24111,4,0,Speeding,Dry,Fog,21.98,8.7,20.4,7.9,54429,4.4,7912,45.1,1
100280,FL,4932,2024-10-06,4,11114,0,0,Speeding,Ice,Snow,14.7,3.1,80.8,29.9,36943,5.71,354,25.2,0
100281,IL,6346,2024-10-07,2,4402,0,0,Distracted,Snow,Rain,11.44,1.3,95.9,5.6,68944,9.76,4525,39.6,0
100282,TX,3003,2024-10-08,3,14794,4,0,Impaired,Wet,Snow,16.85,8.0,73.6,15.3,89298,3.57,8037,12.1,1
100283,FL,9013,2024-10-09,4,1969,0,0,Impaired,Dry,Fog,0.99,5.7,22.4,12.9,70214,6.29,1871,51.1,0
100284,IL,8333,2024-10-10,3,1307,3,0,Distracted,Ice,Rain,8.26,4.1,14.2,35.4,37249,9.42,8686,75.1,0
100285,NY,4613,2024-10-11,2,9019,0,0,Speeding,Ice,Rain,2.2,0.6,56.7,26.2,72422,11.65,3680,15.3,0
100286,IL,3521,2024-10-12,1,24950,3,1,Impaired,Ice,Clear,17.09,0.1,14.3,13.3,113990,6.08,195,68.9,0
100287,NY,6536,2024-10-13,3,7085,2,0,Normal,Wet,Fog,9.95,3.2,90.8,0.9,93946,6.49,9442,62.3,0
100288,TX,3280,2024-10-14,2,6420,0,0,Normal,Snow,Fog,11.97,2.7,57.6,14.8,54686,10.77,3676,26.1,0
100289,IL,8859,2024-10-15,2,14705,3,0,Impaired,Snow,Snow,7.25,4.8,32.1,38.9,64390,3.39,167,46.3,0
100290,FL,8850,2024-10-16,5,4242,3,0,Speeding,Snow,Fog,19.71,9.2,62.5,21.2,89238,7.27,9541,32.0,0
100291,FL,8027,2024-10-17,2,22952,4,0,Distracted,Wet,Clear,1.16,4.2,28.7,29.7,109732,2.41,8003,53.1,0
100292,IL,2880,2024-10-18,3,12392,1,0,Impaired,Ice,Snow,7.03,2.9,64.3,13.8,96039,9.05,308,24.9,1
100293,CA,1095,2024-10-19,5,5455,0,0,Speeding,Wet,Fog,14.76,8.5,25.5,18.4,97894,2.84,6153,40.5,0
100294,FL,1284,2024-10-20,4,3741,2,0,Normal,Ice,Rain,19.75,3.1,24.1,8.5,116504,3.11,4367,65.2,0
100295,CA,4136,2024-10-21,5,18370,2,0,Distracted,Ice,Clear,15.04,9.2,57.0,33.5,88248,3.98,7059,42.7,1
100296,CA,9306,2024-10-22,1,11368,2,0,Impaired,Ice,Rain,18.26,8.6,91.9,14.4,97911,11.44,6773,57.1,0
100297,CA,8382,2024-10-23,5,673,3,0,Impaired,Dry,Rain,0.59,6.4,70.9,1.5,88655,8.91,3005,71.9,0
100298,TX,4838,2024-10-24,4,20709,4,0,Speeding,Wet,Rain,6.37,7.5,10.4,27.6,92607,2.71,4717,75.7,0
100299,IL,5922,2024-10-25,3,3913,1,0,Speeding,Snow,Clear,1.05,1.6,14.7,6.2,112029,4.32,3960,78.9,0
100300,IL,3904,2024-10-26,5,19213,0,0,Distracted,Wet,Rain,12.5,6.0,42.9,32.0,80670,4.01,700,71.8,0
100301,FL,4711,2024-10-27,5,14397,1,0,Normal,Dry,Snow,24.73,3.3,35.2,0.6,88168,8.75,9536,27.1,1
100302,FL,7451,2024-10-28,2,1726,2,0,Speeding,Wet,Rain,0.34,4.9,98.0,23.4,53812,4.49,721,38.6,0
100303,NY,9086,2024-10-29,5,24186,4,0,Impaired,Dry,Clear,11.02,2.3,98.0,19.8,116294,10.2,6802,36.2,0
100304,CA,3058,2024-10-30,4,2806,0,0,Impaired,Ice,Snow,0.12,9.0,3.3,39.9,37461,7.61,787,20.7,0
100305,IL,4947,2024-10-31,5,530,2,0,Impaired,Wet,Clear,15.32,4.1,23.2,5.4,43548,8.94,8527,14.9,0
100306,TX,6223,2024-11-01,5,10817,2,0,Normal,Snow,Snow,4.58,4.8,42.7,26.9,38912,8.6,4550,30.7,0
100307,TX,8826,2024-11-02,2,15042,4,0,Normal,Ice,Clear,17.82,7.2,19.4,3.8,92634,3.24,5015,70.2,1
100308,NY,1213,2024-11-03,2,9556,4,0,Distracted,Ice,Fog,3.99,1.2,101.1,6.5,101397,7.26,9894,12.7,0
100309,FL,4718,2024-11-04,2,2334,3,0,Distracted,Snow,Rain,20.71,5.0,20.9,39.5,40779,8.79,8344,25.1,0
100310,IL,4062,2024-11-05,5,6918,3,1,Impaired,Wet,Snow,5.15,8.1,80.7,32.3,85290,4.46,9936,34.3,0
100311,CA,5533,2024-11-06,4,19655,3,0,Speeding,Dry,Fog,8.81,6.8,105.3,9.8,84498,9.13,6928,55.4,0
100312,NY,8698,2024-11-07,1,19917,0,0,Normal,Ice,Fog,5.76,3.2,52.5,33.9,52280,10.95,7271,49.4,0
100313,CA,4139,2024-11-08,2,4300,0,0,Normal,Dry,Fog,20.19,7.1,89.6,1.4,36102,10.74,5007,65.7,0
100314,CA,3428,2024-11-09,3,1964,3,0,Normal,Snow,Clear,12.26,9.3,47.1,21.4,80268,10.1,3051,58.1,0
100315,FL,8125,2024-11-10,5,2206,3,0,Speeding,Wet,Rain,21.85,8.9,89.5,3.7,119281,3.74,1800,72.3,0
100316,IL,1265,2024-11-11,4,24952,3,0,Impaired,Wet,Fog,3.25,7.4,83.8,38.8,98298,8.98,6752,44.1,0
100317,TX,7186,2024-11-12,5,8330,1,0,Normal,Dry,Snow,12.47,2.7,105.6,23.3,112980,10.23,8658,47.5,0
100318,NY,2867,2024-11-13,2,2408,4,0,Speeding,Dry,Rain,19.42,3.7,37.0,22.2,85420,11.41,3028,68.6,0
100319,TX,6276,2024-11-14,2,8058,0,0,Distracted,Wet,Snow,24.53,5.6,84.3,12.7,113546,8.35,9231,10.4,0
100320,IL,1746,2024-11-15,5,3011,2,0,Impaired,Wet,Clear,16.83,3.8,101.4,34.0,102205,2.5,4073,27.0,0
100321,FL,9277,2024-11-16,3,656,4,0,Normal,Snow,Clear,4.58,4.6,89.2,21.2,95223,8.58,1087,25.5,0
100322,NY,2258,2024-11-17,1,15451,2,0,Impaired,Wet,Snow,18.99,7.9,89.6,0.7,118716,8.89,2300,49.3,1
100323,CA,6842,2024-11-18,5,14948,1,0,Normal,Wet,Clear,1.87,1.0,104.3,7.4,45013,2.07,3020,60.2,0
100324,CA,4870,2024-11-19,1,19682,4,0,Impaired,Ice,Rain,19.07,9.7,32.0,17.3,78110,7.39,810,27.7,0
100325,IL,5813,2024-11-20,5,6665,4,0,Distracted,Dry,Fog,20.7,7.0,48.4,3.2,75613,7.45,9193,45.4,0
100326,IL,6394,2024-11-21,2,21135,3,0,Normal,Wet,Snow,13.98,8.6,11.7,11.2,95136,6.56,9590,61.7,0
100327,TX,3214,2024-11-22,2,3193,0,0,Normal,Snow,Rain,12.32,7.8,96.5,10.0,82842,8.2,6279,60.6,0
100328,FL,5340,2024-11-23,1,21692,1,0,Distracted,Wet,Clear,23.41,4.3,37.8,0.0,64612,2.43,8569,42.8,0
100329,CA,3955,2024-11-24,5,8262,3,0,Impaired,Snow,Fog,0.0,9.4,99.6,27.7,83821,7.0,8486,59.4,1
100330,NY,2976,2024-11-25,2,9952,0,0,Normal,Dry,Fog,0.24,2.5,22.4,31.0,65513,2.34,3852,49.1,1
100331,TX,1723,2024-11-26,2,6105,2,0,Distracted,Snow,Snow,6.3,0.5,38.5,32.8,78917,5.22,1446,15.5,0
100332,CA,8108,2024-11-27,1,24816,2,0,Impaired,Wet,Clear,12.64,1.0,76.0,34.1,77266,7.36,8043,76.7,1
100333,TX,8193,2024-11-28,4,9042,3,0,Impaired,Snow,Snow,13.51,2.0,101.5,6.1,107649,8.91,2682,78.3,1
100334,FL,1744,2024-11-29,5,1548,2,0,Normal,Dry,Fog,9.28,5.4,75.7,35.6,115454,8.93,6478,21.3,0
100335,FL,1355,2024-11-30,4,8798,3,0,Normal,Wet,Clear,7.32,2.2,37.4,26.3,108183,6.43,5902,39.2,0
100336,IL,4653,2024-12-01,4,1692,2,0,Impaired,Ice,Snow,5.06,8.4,4.4,27.8,115171,3.04,4648,53.4,0
100337,NY,7687,2024-12-02,3,2783,1,0,Speeding,Dry,Rain,20.01,0.1,36.5,22.6,58172,3.42,6808,49.8,0
100338,FL,3077,2024-12-03,3,9161,0,0,Normal,Snow,Fog,7.9,7.5,52.4,37.6,58947,6.42,2375,36.2,0
100339,FL,2346,2024-12-04,2,5008,2,0,Distracted,Ice,Rain,12.31,9.7,80.3,10.1,67778,3.09,2983,73.2,0
100340,FL,3683,2024-12-05,3,15004,4,0,Distracted,Ice,Snow,20.28,2.7,98.3,31.5,63639,9.99,4140,57.4,0
100341,TX,9441,2024-12-06,3,1699,2,0,Distracted,Wet,Clear,15.31,6.2,0.7,19.8,37689,4.77,4531,17.9,0
100342,FL,2980,2024-12-07,2,22512,2,0,Distracted,Snow,Snow,10.22,7.1,8.4,35.6,91116,3.22,5360,56.9,0
100343,TX,3044,2024-12-08,4,2760,3,0,Impaired,Ice,Rain,4.42,3.3,31.0,11.0,57655,4.89,7453,25.3,1
100344,IL,8368,2024-12-09,4,24909,4,0,Speeding,Wet,Snow,9.94,4.3,58.9,0.6,95090,4.07,2279,16.0,0
100345,CA,7694,2024-12-10,3,18841,4,0,Speeding,Snow,Fog,12.13,7.3,58.9,2.6,46237,5.0,7838,35.2,0
100346,TX,7460,2024-12-11,4,18169,3,0,Speeding,Dry,Clear,24.76,1.3,46.8,36.0,52347,6.11,718,13.5,1
100347,FL,6217,2024-12-12,4,16907,2,0,Distracted,Snow,Snow,7.1,1.4,97.2,25.6,41266,7.03,6402,20.3,0
100348,NY,9694,2024-12-13,4,17253,1,0,Normal,Ice,Fog,4.14,3.8,80.0,29.2,69144,2.93,5440,41.7,0
100349,TX,3825,2024-12-14,4,17592,4,0,Speeding,Snow,Rain,5.51,2.3,15.0,20.2,80369,5.29,5473,78.8,0
100350,IL,6454,2024-12-15,4,648,4,0,Distracted,Snow,Fog,5.29,3.1,25.9,22.3,95487,7.23,832,68.9,0
100351,NY,1831,2024-12-16,1,17537,1,0,Speeding,Dry,Rain,1.9,1.5,55.6,14.6,116756,7.59,8331,10.9,0
100352,NY,3467,2024-12-17,4,1964,1,0,Distracted,Dry,Clear,9.12,1.0,39.9,31.3,98046,7.0,1131,70.8,0
100353,NY,8607,2024-12-18,4,1553,0,0,Impaired,Ice,Rain,7.12,9.2,88.9,30.3,118328,3.59,7317,29.8,0
100354,TX,1156,2024-12-19,2,22374,2,0,Speeding,Dry,Fog,22.19,3.5,46.1,28.0,115230,4.91,3839,23.8,0
100355,NY,6805,2024-12-20,1,3216,2,0,Impaired,Wet,Fog,19.51,5.7,103.5,38.5,115807,10.63,7497,31.7,0
100356,CA,2116,2024-12-21,5,4838,3,0,Normal,Wet,Clear,2.73,5.5,20.1,30.8,100170,10.26,5033,47.0,0
100357,FL,6560,2024-12-22,4,4047,2,0,Normal,Snow,Snow,21.26,4.5,53.1,39.1,111616,5.62,373,43.8,0
100358,TX,4962,2024-12-23,2,682,1,0,Impaired,Snow,Clear,2.74,7.5,98.4,23.6,87254,6.91,7758,54.1,0
100359,CA,6839,2024-12-24,3,2448,3,0,Normal,Ice,Fog,18.01,3.3,7.2,24.8,53042,6.58,8070,21.7,0
100360,IL,1971,2024-12-25,4,17627,3,0,Speeding,Ice,Clear,14.32,8.9,30.7,25.6,38123,4.86,7779,36.2,0
100361,FL,1031,2024-12-26,2,13253,2,1,Impaired,Ice,Snow,2.17,0.7,22.3,13.1,83574,8.48,4862,50.8,0
100362,NY,1740,2024-12-27,3,16071,4,0,Impaired,Ice,Fog,22.63,5.7,108.3,1.3,101219,7.62,8230,66.8,0
100363,IL,4148,2024-12-28,1,10563,1,0,Normal,Snow,Clear,21.86,3.4,51.5,31.5,108507,5.99,7497,35.8,1
100364,IL,3484,2024-12-29,3,11352,1,0,Impaired,Dry,Clear,21.1,3.6,97.7,28.4,112840,4.59,3579,68.8,1
100365,FL,8418,2024-12-30,3,21924,1,0,Impaired,Ice,Fog,9.24,3.1,93.9,3.2,67830,8.18,2054,39.2,1
100366,CA,7864,2024-12-31,1,3624,4,0,Distracted,Ice,Fog,5.57,6.0,11.4,5.9,70295,9.08,4200,76.0,0
100367,FL,5975,2025-01-01,3,6736,3,0,Speeding,Dry,Fog,24.93,2.3,38.5,27.5,86040,10.01,9111,30.7,0
100368,TX,4654,2025-01-02,1,2896,1,0,Distracted,Snow,Fog,20.43,2.9,54.6,21.4,114681,11.38,6882,35.8,0
100369,NY,9377,2025-01-03,1,7252,2,0,Impaired,Dry,Rain,1.05,2.9,96.7,7.6,47481,4.07,4570,55.7,0
100370,NY,4870,2025-01-04,5,6750,1,0,Distracted,Wet,Fog,9.33,0.1,108.0,2.2,96268,10.64,5890,50.8,1
100371,FL,1914,2025-01-05,1,3289,2,0,Normal,Wet,Snow,20.3,3.7,37.1,24.5,65277,11.82,8072,34.8,0
100372,TX,1991,2025-01-06,3,3629,4,0,Normal,Snow,Rain,13.21,0.5,86.0,2.1,62562,8.69,1879,43.9,0
100373,TX,5959,2025-01-07,3,5074,3,0,Normal,Ice,Snow,6.18,8.7,94.5,8.5,82360,9.74,9441,56.5,0
100374,TX,7832,2025-01-08,3,18459,1,0,Impaired,Dry,Rain,19.82,7.2,30.9,20.1,47669,5.98,139,13.9,0
100375,TX,9874,2025-01-09,1,17474,1,0,Distracted,Dry,Fog,6.54,6.0,21.9,3.8,47397,10.58,7038,52.4,0
100376,FL,4441,2025-01-10,2,20017,2,0,Distracted,Ice,Snow,0.01,7.4,71.1,16.4,103958,5.43,390,62.3,0
100377,IL,4314,2025-01-11,5,6750,4,0,Normal,Ice,Snow,5.78,9.0,62.1,0.8,56431,9.28,2721,65.6,0
100378,TX,8264,2025-01-12,2,15074,3,0,Impaired,Dry,Clear,24.83,6.9,17.0,4.8,112594,8.54,2965,25.0,0
100379,IL,3203,2025-01-13,3,7981,0,0,Speeding,Ice,Fog,16.41,5.9,81.6,37.6,65211,10.98,188,54.9,0
100380,CA,7810,2025-01-14,2,18041,1,0,Speeding,Dry,Rain,5.52,1.2,39.6,22.4,88118,10.57,4004,61.2,1
100381,FL,4890,2025-01-15,1,4547,0,0,Speeding,Ice,Rain,17.15,4.0,66.5,27.5,63434,9.35,8511,16.7,0
100382,CA,6110,2025-01-16,2,2670,0,0,Distracted,Snow,Fog,17.17,5.8,0.7,15.1,77635,11.25,3844,14.9,0
100383,FL,8444,2025-01-17,1,15953,3,0,Distracted,Dry,Fog,16.02,6.0,65.0,30.5,94713,5.46,3530,72.0,0
100384,IL,1762,2025-01-18,2,22809,2,0,Normal,Ice,Fog,1.76,9.6,80.7,35.9,108050,10.14,3712,35.3,0
100385,CA,4009,2025-01-19,4,13232,0,0,Normal,Dry,Fog,6.07,2.1,38.0,36.4,85430,9.19,9830,59.2,1
100386,NY,3834,2025-01-20,3,16413,1,0,Distracted,Dry,Clear,21.77,6.6,83.5,19.9,61876,4.57,5450,49.2,0
100387,CA,6052,2025-01-21,5,5427,2,0,Speeding,Wet,Snow,18.37,2.6,47.0,30.5,113395,8.28,8360,33.6,0
100388,CA,5349,2025-01-22,4,7931,3,0,Impaired,Wet,Clear,4.2,4.2,46.6,28.4,87604,4.7,3683,34.2,0
100389,FL,5562,2025-01-23,5,6774,0,0,Impaired,Wet,Rain,7.46,9.7,32.9,38.1,72939,2.51,317,73.4,0
100390,IL,7459,2025-01-24,3,10303,2,0,Impaired,Wet,Rain,14.07,3.3,81.5,9.7,69252,2.02,3033,41.7,0
100391,CA,8797,2025-01-25,2,17576,1,0,Impaired,Ice,Rain,20.66,3.6,100.9,22.5,94926,4.39,2543,43.8,0
100392,TX,3622,2025-01-26,4,17462,2,0,Normal,Dry,Clear,5.01,4.4,48.7,1.8,44198,5.92,8985,78.5,0
100393,FL,3628,2025-01-27,3,17293,3,0,Distracted,Ice,Fog,2.54,0.4,108.6,36.9,118745,7.2,8164,38.8,0
100394,CA,2733,2025-01-28,1,2520,2,0,Speeding,Wet,Clear,9.55,4.0,87.9,37.8,47690,5.67,4502,35.9,0
100395,FL,2474,2025-01-29,3,2788,1,0,Distracted,Wet,Fog,22.81,6.2,34.2,20.0,59740,6.25,1029,15.6,0
100396,TX,5855,2025-01-30,4,9699,4,0,Impaired,Wet,Clear,6.51,5.8,25.6,23.4,78310,8.43,8953,37.1,0
100397,TX,7820,2025-01-31,5,13465,4,0,Impaired,Wet,Clear,2.71,8.7,39.5,30.9,119118,9.34,1438,22.5,0
100398,NY,2229,2025-02-01,3,6519,3,0,Impaired,Ice,Rain,1.4,6.4,44.5,10.0,43757,11.82,7735,19.2,0
100399,IL,6875,2025-02-02,2,11627,0,0,Normal,Ice,Rain,8.79,5.6,54.5,15.2,116950,5.2,2770,35.7,0
100400,CA,4825,2025-02-03,3,3912,1,0,Speeding,Wet,Snow,0.94,6.4,77.2,11.5,56135,8.51,8302,21.1,1
100401,TX,7664,2025-02-04,3,9066,0,0,Impaired,Dry,Fog,14.58,0.5,92.5,21.6,53144,7.96,5808,31.5,0
100402,IL,2940,2025-02-05,4,10420,1,0,Distracted,Snow,Rain,16.81,10.0,6.5,38.0,36696,10.65,8064,58.2,1
100403,TX,2092,2025-02-06,4,20084,1,0,Normal,Snow,Rain,11.51,1.5,49.8,15.4,92940,9.02,6712,68.7,0
100404,NY,2618,2025-02-07,5,6696,0,0,Speeding,Snow,Fog,18.53,4.2,47.0,1.8,90839,10.6,343,31.3,0
100405,FL,1310,2025-02-08,4,21922,2,0,Speeding,Snow,Clear,12.53,3.0,46.6,27.3,109658,5.71,7898,34.7,0
100406,IL,9184,2025-02-09,4,16855,0,0,Impaired,Ice,Snow,17.56,5.8,62.0,19.8,65204,7.76,1472,61.1,0
100407,NY,4797,2025-02-10,5,12232,1,0,Speeding,Ice,Fog,5.77,5.6,103.4,11.9,104569,3.38,9943,64.4,0
100408,FL,3431,2025-02-11,3,4138,0,0,Normal,Ice,Snow,18.62,3.5,36.3,16.6,118362,5.19,9473,22.4,1
100409,IL,4047,2025-02-12,4,8307,2,0,Impaired,Snow,Fog,12.54,9.7,104.4,34.5,72066,7.09,5224,38.1,0
100410,FL,3551,2025-02-13,3,19095,0,0,Speeding,Snow,Clear,17.63,7.5,27.0,32.8,73376,3.01,9854,10.2,0
100411,IL,5810,2025-02-14,1,2370,2,0,Distracted,Dry,Fog,11.17,8.9,60.3,6.8,51380,11.4,797,38.0,0
100412,TX,4863,2025-02-15,4,16038,2,0,Impaired,Dry,Clear,12.65,4.6,78.5,27.4,63402,6.43,6908,72.5,1
100413,TX,3829,2025-02-16,2,6750,0,0,Normal,Snow,Snow,1.04,6.0,96.9,39.9,37696,2.53,6633,14.0,0
100414,IL,5491,2025-02-17,4,17626,2,0,Speeding,Dry,Clear,12.23,4.1,86.0,31.4,63817,7.17,9377,37.3,0
100415,FL,6034,2025-02-18,2,693,0,0,Normal,Wet,Rain,3.56,3.0,106.2,29.0,38696,7.05,1775,28.6,0
100416,FL,2048,2025-02-19,5,13556,1,0,Impaired,Snow,Fog,3.56,5.3,60.6,12.4,35894,10.49,4252,12.6,0
100417,IL,7959,2025-02-20,4,13588,0,0,Normal,Ice,Rain,10.83,1.9,99.6,6.4,42755,10.65,7170,38.0,0
100418,FL,6572,2025-02-21,5,9600,2,0,Speeding,Dry,Snow,14.41,2.1,72.0,34.6,48628,2.92,8204,26.6,0
100419,NY,5011,2025-02-22,5,19036,0,0,Speeding,Snow,Rain,8.58,5.1,18.6,24.4,44447,6.96,3337,68.2,1
100420,TX,8174,2025-02-23,1,20814,0,0,Speeding,Snow,Snow,4.01,0.1,3.4,15.6,115024,5.49,7739,55.1,0
100421,TX,1002,2025-02-24,4,19775,0,0,Speeding,Dry,Rain,18.54,4.5,83.7,30.2,43921,7.53,4870,43.4,0
100422,IL,3371,2025-02-25,4,23897,4,0,Impaired,Snow,Fog,24.08,10.0,74.5,28.7,58161,11.51,6130,59.6,0
100423,NY,7493,2025-02-26,1,15462,0,0,Distracted,Dry,Clear,18.34,8.2,31.7,25.9,56365,8.58,3172,17.0,0
100424,IL,4460,2025-02-27,2,4779,4,0,Speeding,Ice,Rain,1.93,0.8,11.7,8.3,51363,3.03,8662,63.0,0
100425,NY,2180,2025-02-28,4,18489,3,0,Normal,Wet,Rain,21.02,6.6,75.8,35.4,75271,9.19,732,30.9,0
100426,NY,7179,2025-03-01,5,13515,3,0,Normal,Ice,Fog,1.69,2.3,82.4,28.8,110316,3.65,8241,45.2,1
100427,IL,7502,2025-03-02,5,17398,0,0,Speeding,Ice,Rain,10.91,1.2,61.4,12.1,54293,8.68,4981,16.6,1
100428,TX,6325,2025-03-03,1,17644,0,0,Impaired,Ice,Fog,23.22,3.5,73.2,2.5,101229,10.86,1165,67.0,0
100429,NY,5713,2025-03-04,3,22603,3,0,Distracted,Dry,Rain,6.58,6.8,44.4,36.5,68633,8.47,3055,45.7,0
100430,CA,2243,2025-03-05,4,2663,4,0,Speeding,Wet,Clear,3.2,5.5,95.3,31.8,109293,6.61,2800,40.9,1
100431,IL,1848,2025-03-06,4,16801,1,0,Speeding,Snow,Clear,19.06,0.4,58.6,19.9,90295,11.67,9551,19.4,0
100432,IL,7975,2025-03-07,5,1282,0,0,Distracted,Dry,Snow,23.22,8.6,98.4,16.6,88275,10.03,6509,54.4,0
100433,NY,3759,2025-03-08,3,14145,3,0,Normal,Wet,Snow,8.14,4.8,81.4,24.6,119450,7.61,5335,34.7,0
100434,FL,3310,2025-03-09,1,4585,3,0,Impaired,Snow,Fog,5.81,8.6,57.5,15.9,114918,3.98,7560,57.8,1
100435,FL,5885,2025-03-10,4,22756,3,0,Speeding,Wet,Fog,4.56,1.9,79.2,1.6,97647,3.44,5456,63.4,0
100436,FL,8218,2025-03-11,3,4042,3,0,Impaired,Ice,Rain,24.08,0.8,97.5,12.1,67709,3.86,5853,10.5,0
100437,FL,5105,2025-03-12,5,4884,1,0,Normal,Wet,Rain,14.42,5.2,21.4,9.9,104082,7.16,8994,28.1,0
100438,FL,8785,2025-03-13,3,19388,0,0,Impaired,Snow,Fog,21.5,4.5,47.3,38.9,118829,10.87,1222,57.5,0
100439,TX,1860,2025-03-14,1,23781,4,0,Distracted,Ice,Rain,7.71,0.1,94.5,30.7,110279,4.58,7429,33.5,0
100440,FL,5693,2025-03-15,1,8391,3,0,Speeding,Dry,Fog,1.41,0.4,3.4,16.1,99604,6.38,2158,62.5,0
100441,CA,4567,2025-03-16,1,5256,4,0,Normal,Wet,Clear,11.35,0.9,14.6,29.5,45120,8.69,9208,49.0,1
100442,FL,3503,2025-03-17,5,11451,0,0,Impaired,Ice,Rain,5.18,0.4,44.6,12.1,37283,4.47,1894,70.1,0
100443,NY,4559,2025-03-18,4,6799,0,0,Speeding,Dry,Rain,12.97,1.8,12.4,21.1,61456,9.95,2221,49.9,0
100444,TX,5129,2025-03-19,5,8345,0,0,Speeding,Dry,Snow,13.45,5.8,79.9,8.3,115079,8.24,7312,72.3,0
100445,TX,7119,2025-03-20,5,23763,2,0,Distracted,Wet,Rain,7.36,4.8,107.2,10.2,110845,6.96,9881,25.9,0
100446,CA,8613,2025-03-21,2,20313,1,0,Speeding,Snow,Snow,7.69,9.8,53.8,17.4,72493,4.09,5814,65.6,0
100447,CA,8165,2025-03-22,5,13060,3,0,Impaired,Ice,Snow,0.6,0.7,105.6,3.3,91630,9.19,1413,12.4,1
100448,NY,5923,2025-03-23,5,22826,2,0,Speeding,Dry,Snow,10.51,8.7,14.9,34.1,89948,9.09,8304,15.4,0
100449,NY,1868,2025-03-24,3,5332,0,0,Normal,Snow,Fog,8.09,5.8,77.0,36.7,104588,11.38,5800,37.7,1
100450,NY,4629,2025-03-25,5,8937,0,0,Normal,Dry,Clear,15.49,8.8,64.1,8.5,79168,9.29,9954,23.0,0
100451,CA,5745,2025-03-26,1,10173,3,0,Impaired,Wet,Fog,21.49,0.6,87.1,18.9,85840,11.39,3332,76.1,1
100452,NY,9152,2025-03-27,4,12386,1,0,Speeding,Snow,Snow,12.32,1.0,59.1,33.7,112646,4.8,1716,64.6,0
100453,NY,9238,2025-03-28,1,3570,3,0,Normal,Wet,Rain,2.07,8.6,107.8,11.5,117313,6.07,1573,62.1,0
100454,NY,1633,2025-03-29,5,10714,2,0,Normal,Ice,Rain,23.34,5.7,48.4,24.4,75656,9.85,6798,44.4,0
100455,CA,5666,2025-03-30,4,15085,1,0,Impaired,Wet,Rain,20.21,5.6,104.5,17.7,98884,8.27,8750,44.3,0
100456,NY,7165,2025-03-31,1,20178,2,0,Speeding,Dry,Fog,9.14,0.1,101.0,15.9,60453,7.5,5457,50.7,0
100457,TX,2280,2025-04-01,4,17761,0,0,Distracted,Dry,Snow,8.27,6.4,46.6,31.6,44501,8.03,7020,51.8,0
100458,IL,6973,2025-04-02,4,678,4,0,Impaired,Wet,Clear,23.45,8.5,45.2,18.6,56570,5.74,2784,72.9,0
100459,TX,7171,2025-04-03,1,9206,0,0,Speeding,Wet,Snow,9.37,10.0,2.2,18.6,69712,11.09,1462,18.5,0
100460,FL,5842,2025-04-04,3,7245,3,0,Speeding,Snow,Rain,15.9,4.3,49.3,39.7,48501,7.2,2612,45.7,0
100461,IL,8573,2025-04-05,2,8212,2,0,Normal,Ice,Snow,24.63,3.1,21.9,38.5,108173,3.85,3688,79.7,0
100462,IL,8407,2025-04-06,5,14203,4,0,Speeding,Snow,Rain,0.92,4.0,37.0,9.4,37992,3.94,5034,43.7,0
100463,FL,8570,2025-04-07,2,13005,0,0,Distracted,Ice,Fog,7.87,2.3,31.1,9.1,90582,4.28,4936,68.6,0
100464,TX,6827,2025-04-08,4,24905,1,0,Impaired,Wet,Snow,5.78,2.3,73.7,26.5,102987,5.75,1967,52.3,0
100465,NY,2119,2025-04-09,2,1688,3,0,Speeding,Wet,Clear,23.06,4.3,48.4,16.5,113849,9.62,133,56.5,0
100466,FL,1029,2025-04-10,3,3638,0,0,Speeding,Dry,Snow,13.78,6.8,66.0,28.8,103311,9.92,2769,29.1,0
100467,IL,6560,2025-04-11,1,23277,4,0,Impaired,Wet,Fog,1.34,6.6,92.8,29.3,40712,7.23,5808,68.2,0
100468,TX,1247,2025-04-12,2,18237,2,0,Normal,Ice,Fog,18.88,7.7,91.6,31.3,88841,4.36,1462,27.1,0
100469,IL,8946,2025-04-13,4,1023,3,0,Impaired,Wet,Rain,17.1,2.2,64.4,10.5,115114,5.45,7901,57.1,0
100470,FL,7728,2025-04-14,2,7063,2,0,Distracted,Wet,Snow,16.55,7.3,48.5,39.9,81467,5.03,3153,16.2,1
100471,NY,9786,2025-04-15,2,10142,3,0,Normal,Snow,Fog,23.89,8.0,44.0,19.7,99842,4.12,1695,11.3,0
100472,IL,4799,2025-04-16,5,17819,3,0,Impaired,Dry,Rain,21.87,5.6,7.8,3.4,55333,9.49,7696,43.1,0
100473,FL,3184,2025-04-17,3,2088,4,0,Speeding,Ice,Clear,18.83,4.7,51.4,4.5,87119,8.1,9218,75.7,0
100474,IL,2341,2025-04-18,1,8295,2,0,Distracted,Wet,Fog,5.57,1.6,44.3,22.5,116929,4.57,4565,32.8,0
100475,CA,6410,2025-04-19,3,21192,0,0,Normal,Ice,Rain,3.45,0.5,22.2,20.4,42506,7.41,1245,32.6,0
100476,NY,1131,2025-04-20,5,1469,3,0,Speeding,Dry,Snow,5.52,4.6,88.3,37.4,81728,5.8,1312,13.6,0
100477,IL,5407,2025-04-21,2,16569,2,0,Impaired,Dry,Snow,5.14,6.5,76.8,36.0,52863,7.75,114,57.3,1
100478,NY,6060,2025-04-22,1,13234,1,0,Distracted,Dry,Snow,14.2,2.1,107.3,18.6,77025,7.96,4627,60.5,0
100479,TX,8448,2025-04-23,4,7757,4,0,Impaired,Wet,Fog,16.58,4.0,42.4,8.3,56207,9.69,6865,73.3,0
100480,NY,9313,2025-04-24,2,19844,0,0,Speeding,Dry,Rain,13.19,5.0,45.9,22.6,98022,11.23,4334,40.6,0
100481,TX,8656,2025-04-25,1,11664,3,0,Normal,Snow,Clear,1.41,9.5,57.2,12.3,77826,3.62,2855,17.7,1
100482,IL,4235,2025-04-26,3,2465,3,0,Speeding,Wet,Clear,9.08,8.8,38.9,26.0,87421,10.45,7242,12.6,0
100483,NY,5596,2025-04-27,4,2886,3,0,Speeding,Snow,Clear,24.19,8.7,60.0,20.6,49433,9.32,5706,71.7,0
100484,TX,9848,2025-04-28,4,3525,4,0,Speeding,Dry,Snow,17.39,10.0,97.9,33.7,80281,11.66,3129,55.7,0
100485,NY,9407,2025-04-29,3,7144,3,0,Distracted,Snow,Fog,9.24,7.7,80.4,5.3,93175,3.17,9715,74.1,1
100486,CA,4311,2025-04-30,3,17008,0,0,Normal,Dry,Clear,16.79,2.0,22.7,10.0,81193,7.69,5120,71.6,0
100487,IL,1474,2025-05-01,2,9656,3,0,Speeding,Ice,Rain,6.63,8.4,88.0,23.9,72455,9.95,3180,42.9,0
100488,IL,2209,2025-05-02,5,4151,0,0,Impaired,Snow,Clear,1.94,1.7,87.5,25.0,115102,6.18,2750,56.9,0
100489,FL,6400,2025-05-03,2,4701,1,0,Speeding,Ice,Rain,13.2,8.9,87.9,16.5,90758,3.9,4052,62.2,0
100490,FL,2841,2025-05-04,5,17223,0,0,Normal,Dry,Snow,7.24,3.4,34.8,36.0,65511,5.46,1921,39.6,0
100491,IL,8476,2025-05-05,1,8121,0,0,Impaired,Wet,Fog,12.04,2.9,67.4,32.4,41492,9.07,4307,20.8,0
100492,FL,8363,2025-05-06,4,5530,1,0,Impaired,Ice,Clear,22.55,6.1,71.8,21.6,62581,4.17,7401,29.9,1
100493,CA,8241,2025-05-07,3,8894,4,0,Impaired,Snow,Clear,16.29,0.6,13.2,16.2,60356,3.63,6937,48.4,1
100494,FL,7548,2025-05-08,5,13107,3,0,Distracted,Dry,Rain,18.08,9.1,101.1,15.9,117083,9.22,4210,27.9,0
100495,NY,7110,2025-05-09,4,14652,4,0,Speeding,Ice,Rain,2.56,3.8,40.5,4.6,110682,9.98,6357,72.4,0
100496,CA,7156,2025-05-10,1,10496,4,0,Distracted,Snow,Clear,11.99,7.9,75.7,37.5,55195,11.19,2238,50.7,0
100497,NY,7387,2025-05-11,2,21341,4,0,Speeding,Dry,Rain,10.11,7.1,102.1,9.4,62642,4.3,2242,60.3,0
100498,NY,8019,2025-05-12,4,6550,0,0,Impaired,Wet,Fog,16.17,7.0,74.2,6.1,57507,6.69,5858,70.3,0
100499,TX,5969,2025-05-13,4,6343,0,0,Impaired,Snow,Rain,7.19,5.3,103.2,20.4,56246,8.93,852,72.8,0
100500,IL,6807,2025-05-14,4,8407,1,0,Speeding,Ice,Clear,9.58,4.7,76.9,18.2,85530,6.31,7391,77.0,0
